{
  "fields": [
    {
      "name": "descripcion",
      "type": "string"
    },
    {
      "name": "extension",
      "type": "select",
      "options":["Pdf", "Doc"]
    },
    {
      "name": "id_institucion",
      "type": "integer#unsigned"
    },
    {
      "name": "id_documento",
      "type": "integer#unsigned"
    },
    {
      "name": "id_categoria",
      "type": "integer#unsigned"
    },
    {
      "name": "id_estado",
      "type": "integer#unsigned"
    },
    {
      "name": "id_users",
      "type": "integer#unsigned"
    }
  ],
   "foreign_keys": [
    {
      "column": "id_institucion",
      "references": "id",
      "on": "institucions",
      "onDelete": "cascade"
    },
    {
      "column": "id_documento",
      "references": "id",
      "on": "documentos",
      "onDelete": "cascade"
    },
    {
      "column": "id_categoria",
      "references": "id",
      "on": "categorias",
      "onDelete": "cascade"
    },
        {
      "column": "id_estado",
      "references": "id",
      "on": "estados",
      "onDelete": "cascade"
    },
        {
      "column": "id_users",
      "references": "id",
      "on": "users",
      "onDelete": "cascade"
    }
  ],
  "validations": [
    {
      "field": "descripcion",
      "rules": "required|max:180"
    }
  ]
}