
[{"id_bitacora":1,"operacion":"actualizando","tabla":"directorio","hora":"06:13:48","usuario":"leoncio","idinstitucion":null},{"id_bitacora":2,"operacion":"actualizando","tabla":"directorio","hora":"06:44:28","usuario":"laioner","idinstitucion":null},{"id_bitacora":3,"operacion":"actualizando","tabla":"directorio","hora":"06:44:50","usuario":"laioner","idinstitucion":null},{"id_bitacora":4,"operacion":"actualizando","tabla":"directorio","hora":"06:45:38","usuario":"laioner","idinstitucion":null},{"id_bitacora":5,"operacion":"Inicio sesion","tabla":"users","hora":"14:36:14","usuario":"jose","idinstitucion":null},{"id_bitacora":6,"operacion":"Inicio sesion","tabla":"users","hora":"14:40:17","usuario":"jose","idinstitucion":null},{"id_bitacora":7,"operacion":"cerrar sesion","tabla":"users","hora":"14:47:49","usuario":"jose","idinstitucion":null},{"id_bitacora":8,"operacion":"Inicio sesion","tabla":"users","hora":"14:48:40","usuario":"jose","idinstitucion":null},{"id_bitacora":9,"operacion":"Inicio sesion","tabla":"users","hora":"14:49:51","usuario":"jose","idinstitucion":null},{"id_bitacora":10,"operacion":"Inicio sesion","tabla":"users","hora":"15:14:15","usuario":"jose","idinstitucion":null},{"id_bitacora":11,"operacion":"Inicio sesion","tabla":"users","hora":"15:33:54","usuario":"jose","idinstitucion":null},{"id_bitacora":12,"operacion":"Inicio sesion","tabla":"users","hora":"15:42:56","usuario":"Fernando","idinstitucion":null},{"id_bitacora":13,"operacion":"Inicio sesion","tabla":"users","hora":"15:44:47","usuario":"Fernando","idinstitucion":null},{"id_bitacora":14,"operacion":"Inicio sesion","tabla":"users","hora":"15:46:52","usuario":"Fernando","idinstitucion":null},{"id_bitacora":15,"operacion":"Inicio sesion","tabla":"users","hora":"15:47:38","usuario":"Fernando","idinstitucion":null},{"id_bitacora":16,"operacion":"Inicio sesion","tabla":"users","hora":"15:48:15","usuario":"jose","idinstitucion":null},{"id_bitacora":17,"operacion":"Inicio sesion","tabla":"users","hora":"15:49:00","usuario":"jose","idinstitucion":null},{"id_bitacora":18,"operacion":"cerrar sesion","tabla":"users","hora":"15:50:46","usuario":"jose","idinstitucion":null},{"id_bitacora":19,"operacion":"Inicio sesion","tabla":"users","hora":"15:52:01","usuario":"Fernando","idinstitucion":null},{"id_bitacora":20,"operacion":"Inicio sesion","tabla":"users","hora":"15:53:41","usuario":"jose","idinstitucion":null},{"id_bitacora":21,"operacion":"Inicio sesion","tabla":"users","hora":"15:55:37","usuario":"Fernando","idinstitucion":null},{"id_bitacora":22,"operacion":"cerrar sesion","tabla":"users","hora":"15:55:51","usuario":"Fernando","idinstitucion":null},{"id_bitacora":23,"operacion":"Inicio sesion","tabla":"users","hora":"15:56:03","usuario":"Fernando","idinstitucion":null},{"id_bitacora":24,"operacion":"Inicio sesion","tabla":"users","hora":"16:00:27","usuario":"jose","idinstitucion":null},{"id_bitacora":25,"operacion":"Inicio sesion","tabla":"users","hora":"16:27:33","usuario":"jose","idinstitucion":null},{"id_bitacora":26,"operacion":"cerrar sesion","tabla":"users","hora":"16:31:21","usuario":"jose","idinstitucion":null},{"id_bitacora":27,"operacion":"Inicio sesion","tabla":"users","hora":"16:31:43","usuario":"Fernando","idinstitucion":null},{"id_bitacora":28,"operacion":"cerrar sesion","tabla":"users","hora":"16:33:56","usuario":"Fernando","idinstitucion":null},{"id_bitacora":29,"operacion":"Inicio sesion","tabla":"users","hora":"16:34:27","usuario":"jose","idinstitucion":null},{"id_bitacora":30,"operacion":"Inicio sesion","tabla":"users","hora":"16:35:23","usuario":"jose","idinstitucion":null},{"id_bitacora":31,"operacion":"cerrar sesion","tabla":"users","hora":"16:39:08","usuario":"jose","idinstitucion":null},{"id_bitacora":32,"operacion":"Inicio sesion","tabla":"users","hora":"16:40:07","usuario":"jose","idinstitucion":null},{"id_bitacora":33,"operacion":"Inicio sesion","tabla":"users","hora":"16:48:09","usuario":"jose","idinstitucion":null},{"id_bitacora":34,"operacion":"Inicio sesion","tabla":"users","hora":"17:06:28","usuario":"jose","idinstitucion":null},{"id_bitacora":35,"operacion":"Inicio sesion","tabla":"users","hora":"09:00:59","usuario":"jose","idinstitucion":null},{"id_bitacora":36,"operacion":"Inicio sesion","tabla":"users","hora":"09:03:57","usuario":"jose","idinstitucion":null},{"id_bitacora":37,"operacion":"Inicio sesion","tabla":"users","hora":"09:12:27","usuario":"jose","idinstitucion":null},{"id_bitacora":38,"operacion":"Inicio sesion","tabla":"users","hora":"09:26:58","usuario":"Fernando","idinstitucion":null},{"id_bitacora":39,"operacion":"Inicio sesion","tabla":"users","hora":"09:29:29","usuario":"Fernando","idinstitucion":null},{"id_bitacora":40,"operacion":"cerrar sesion","tabla":"users","hora":"09:52:57","usuario":"Fernando","idinstitucion":null},{"id_bitacora":41,"operacion":"Inicio sesion","tabla":"users","hora":"09:53:21","usuario":"Fernando","idinstitucion":null},{"id_bitacora":42,"operacion":"Inicio sesion","tabla":"users","hora":"09:54:02","usuario":"jose","idinstitucion":null},{"id_bitacora":43,"operacion":"Inicio sesion","tabla":"users","hora":"09:54:32","usuario":"jose","idinstitucion":null},{"id_bitacora":44,"operacion":"Inicio sesion","tabla":"users","hora":"10:01:18","usuario":"jose","idinstitucion":null},{"id_bitacora":45,"operacion":"Inicio sesion","tabla":"users","hora":"10:02:24","usuario":"jose","idinstitucion":null},{"id_bitacora":46,"operacion":"cerrar sesion","tabla":"users","hora":"10:03:21","usuario":"jose","idinstitucion":null},{"id_bitacora":47,"operacion":"Inicio sesion","tabla":"users","hora":"10:03:41","usuario":"jose","idinstitucion":null},{"id_bitacora":48,"operacion":"Inicio sesion","tabla":"users","hora":"10:03:53","usuario":"Fernando","idinstitucion":null},{"id_bitacora":49,"operacion":"cerrar sesion","tabla":"users","hora":"10:05:15","usuario":"Fernando","idinstitucion":null},{"id_bitacora":50,"operacion":"Inicio sesion","tabla":"users","hora":"10:05:25","usuario":"Fernando","idinstitucion":null},{"id_bitacora":51,"operacion":"cerrar sesion","tabla":"users","hora":"10:06:48","usuario":"Fernando","idinstitucion":null},{"id_bitacora":52,"operacion":"Inicio sesion","tabla":"users","hora":"10:08:04","usuario":"jose","idinstitucion":null},{"id_bitacora":53,"operacion":"Inicio sesion","tabla":"users","hora":"10:10:32","usuario":"jose","idinstitucion":null},{"id_bitacora":54,"operacion":"Inicio sesion","tabla":"users","hora":"10:13:02","usuario":"jose","idinstitucion":null},{"id_bitacora":55,"operacion":"Inicio sesion","tabla":"users","hora":"16:51:16","usuario":"jose","idinstitucion":null},{"id_bitacora":56,"operacion":"cerrar sesion","tabla":"users","hora":"16:56:28","usuario":"jose","idinstitucion":null},{"id_bitacora":57,"operacion":"Inicio sesion","tabla":"users","hora":"16:56:38","usuario":"Fernando","idinstitucion":null},{"id_bitacora":58,"operacion":"Inicio sesion","tabla":"users","hora":"17:03:51","usuario":"Fernando","idinstitucion":null},{"id_bitacora":59,"operacion":"cerrar sesion","tabla":"users","hora":"17:12:06","usuario":"Fernando","idinstitucion":null},{"id_bitacora":60,"operacion":"Inicio sesion","tabla":"users","hora":"17:12:49","usuario":"Fernando","idinstitucion":null},{"id_bitacora":61,"operacion":"cerrar sesion","tabla":"users","hora":"17:17:47","usuario":"Fernando","idinstitucion":null},{"id_bitacora":62,"operacion":"Inicio sesion","tabla":"users","hora":"17:18:52","usuario":"jose","idinstitucion":null},{"id_bitacora":63,"operacion":"cerrar sesion","tabla":"users","hora":"17:20:30","usuario":"jose","idinstitucion":null},{"id_bitacora":64,"operacion":"Inicio sesion","tabla":"users","hora":"17:20:43","usuario":"Fernando","idinstitucion":null},{"id_bitacora":65,"operacion":"Inicio sesion","tabla":"users","hora":"17:21:49","usuario":"Fernando","idinstitucion":null},{"id_bitacora":66,"operacion":"cerrar sesion","tabla":"users","hora":"17:25:14","usuario":"Fernando","idinstitucion":null},{"id_bitacora":67,"operacion":"Inicio sesion","tabla":"users","hora":"17:25:28","usuario":"jose","idinstitucion":null},{"id_bitacora":68,"operacion":"cerrar sesion","tabla":"users","hora":"17:50:41","usuario":"jose","idinstitucion":null},{"id_bitacora":69,"operacion":"Inicio sesion","tabla":"users","hora":"17:50:53","usuario":"jose","idinstitucion":null},{"id_bitacora":70,"operacion":"cerrar sesion","tabla":"users","hora":"17:52:54","usuario":"jose","idinstitucion":null},{"id_bitacora":71,"operacion":"Inicio sesion","tabla":"users","hora":"17:53:08","usuario":"jose","idinstitucion":null},{"id_bitacora":72,"operacion":"Inicio sesion","tabla":"users","hora":"17:56:42","usuario":"jose","idinstitucion":null},{"id_bitacora":73,"operacion":"Inicio sesion","tabla":"users","hora":"18:26:48","usuario":"jose","idinstitucion":null},{"id_bitacora":74,"operacion":"cerrar sesion","tabla":"users","hora":"18:27:47","usuario":"jose","idinstitucion":null},{"id_bitacora":75,"operacion":"Inicio sesion","tabla":"users","hora":"18:27:59","usuario":"Fernando","idinstitucion":null},{"id_bitacora":76,"operacion":"cerrar sesion","tabla":"users","hora":"18:28:50","usuario":"Fernando","idinstitucion":null},{"id_bitacora":77,"operacion":"Inicio sesion","tabla":"users","hora":"18:29:01","usuario":"jose","idinstitucion":null},{"id_bitacora":78,"operacion":"cerrar sesion","tabla":"users","hora":"18:36:12","usuario":"jose","idinstitucion":null},{"id_bitacora":79,"operacion":"Inicio sesion","tabla":"users","hora":"18:36:38","usuario":"jose","idinstitucion":null},{"id_bitacora":80,"operacion":"cerrar sesion","tabla":"users","hora":"19:06:38","usuario":"jose","idinstitucion":null},{"id_bitacora":81,"operacion":"Inicio sesion","tabla":"users","hora":"19:06:52","usuario":"jose","idinstitucion":null},{"id_bitacora":82,"operacion":"cerrar sesion","tabla":"users","hora":"20:07:02","usuario":"jose","idinstitucion":null},{"id_bitacora":83,"operacion":"Inicio sesion","tabla":"users","hora":"20:07:15","usuario":"jose","idinstitucion":null},{"id_bitacora":84,"operacion":"cerrar sesion","tabla":"users","hora":"20:14:32","usuario":"jose","idinstitucion":null},{"id_bitacora":85,"operacion":"Inicio sesion","tabla":"users","hora":"20:14:43","usuario":"jose","idinstitucion":null},{"id_bitacora":86,"operacion":"Inicio sesion","tabla":"users","hora":"21:05:35","usuario":"Fernando","idinstitucion":null},{"id_bitacora":87,"operacion":"cerrar sesion","tabla":"users","hora":"21:33:39","usuario":"Fernando","idinstitucion":null},{"id_bitacora":88,"operacion":"Inicio sesion","tabla":"users","hora":"21:34:12","usuario":"Ivan","idinstitucion":null},{"id_bitacora":89,"operacion":"cerrar sesion","tabla":"users","hora":"21:39:52","usuario":"Ivan","idinstitucion":null},{"id_bitacora":90,"operacion":"Inicio sesion","tabla":"users","hora":"21:40:06","usuario":"jose","idinstitucion":null},{"id_bitacora":91,"operacion":"cerrar sesion","tabla":"users","hora":"22:45:41","usuario":"jose","idinstitucion":null},{"id_bitacora":92,"operacion":"Inicio sesion","tabla":"users","hora":"22:46:07","usuario":"jose","idinstitucion":null},{"id_bitacora":93,"operacion":"cerrar sesion","tabla":"users","hora":"22:53:33","usuario":"jose","idinstitucion":null},{"id_bitacora":94,"operacion":"Inicio sesion","tabla":"users","hora":"22:53:53","usuario":"Fernando","idinstitucion":null},{"id_bitacora":95,"operacion":"cerrar sesion","tabla":"users","hora":"23:03:13","usuario":"Fernando","idinstitucion":null},{"id_bitacora":96,"operacion":"Inicio sesion","tabla":"users","hora":"23:03:51","usuario":"jose","idinstitucion":null},{"id_bitacora":97,"operacion":"Inicio sesion","tabla":"users","hora":"23:03:53","usuario":"jose","idinstitucion":null},{"id_bitacora":98,"operacion":"cerrar sesion","tabla":"users","hora":"23:15:03","usuario":"jose","idinstitucion":null},{"id_bitacora":99,"operacion":"Inicio sesion","tabla":"users","hora":"23:15:42","usuario":"jose","idinstitucion":null},{"id_bitacora":100,"operacion":"Inicio sesion","tabla":"users","hora":"23:18:01","usuario":"jose","idinstitucion":null},{"id_bitacora":101,"operacion":"Inicio sesion","tabla":"users","hora":"23:18:34","usuario":"Fernando","idinstitucion":null},{"id_bitacora":102,"operacion":"cerrar sesion","tabla":"users","hora":"23:19:05","usuario":"Fernando","idinstitucion":null},{"id_bitacora":103,"operacion":"Inicio sesion","tabla":"users","hora":"23:19:29","usuario":"jose","idinstitucion":null},{"id_bitacora":104,"operacion":"Inicio sesion","tabla":"users","hora":"04:51:48","usuario":"jose","idinstitucion":null},{"id_bitacora":105,"operacion":"cerrar sesion","tabla":"users","hora":"05:14:09","usuario":"jose","idinstitucion":null},{"id_bitacora":106,"operacion":"Inicio sesion","tabla":"users","hora":"05:14:22","usuario":"Fernando","idinstitucion":null},{"id_bitacora":107,"operacion":"cerrar sesion","tabla":"users","hora":"05:18:19","usuario":"Fernando","idinstitucion":null},{"id_bitacora":108,"operacion":"Inicio sesion","tabla":"users","hora":"05:18:30","usuario":"jose","idinstitucion":null},{"id_bitacora":109,"operacion":"cerrar sesion","tabla":"users","hora":"05:19:26","usuario":"jose","idinstitucion":null},{"id_bitacora":110,"operacion":"Inicio sesion","tabla":"users","hora":"05:19:52","usuario":"jose","idinstitucion":null},{"id_bitacora":111,"operacion":"cerrar sesion","tabla":"users","hora":"05:32:41","usuario":"jose","idinstitucion":null},{"id_bitacora":112,"operacion":"Inicio sesion","tabla":"users","hora":"05:33:01","usuario":"jose","idinstitucion":null},{"id_bitacora":113,"operacion":"Inicio sesion","tabla":"users","hora":"05:50:56","usuario":"Fernando","idinstitucion":null},{"id_bitacora":114,"operacion":"Inicio sesion","tabla":"users","hora":"05:52:58","usuario":"Fernando","idinstitucion":null},{"id_bitacora":115,"operacion":"cerrar sesion","tabla":"users","hora":"06:05:28","usuario":"Fernando","idinstitucion":null},{"id_bitacora":116,"operacion":"Inicio sesion","tabla":"users","hora":"06:05:55","usuario":"jose","idinstitucion":null},{"id_bitacora":117,"operacion":"cerrar sesion","tabla":"users","hora":"06:08:38","usuario":"jose","idinstitucion":null},{"id_bitacora":118,"operacion":"Inicio sesion","tabla":"users","hora":"06:08:50","usuario":"Fernando","idinstitucion":null},{"id_bitacora":119,"operacion":"Inicio sesion","tabla":"users","hora":"06:35:39","usuario":"Fernando","idinstitucion":null},{"id_bitacora":120,"operacion":"Inicio sesion","tabla":"users","hora":"06:36:24","usuario":"Fernando","idinstitucion":null},{"id_bitacora":121,"operacion":"Inicio sesion","tabla":"users","hora":"06:37:16","usuario":"Fernando","idinstitucion":null},{"id_bitacora":122,"operacion":"Inicio sesion","tabla":"users","hora":"06:39:13","usuario":"Fernando","idinstitucion":null},{"id_bitacora":123,"operacion":"Inicio sesion","tabla":"users","hora":"06:55:35","usuario":"Fernando","idinstitucion":null},{"id_bitacora":124,"operacion":"Inicio sesion","tabla":"users","hora":"07:25:45","usuario":"Fernando","idinstitucion":null},{"id_bitacora":125,"operacion":"Inicio sesion","tabla":"users","hora":"07:26:24","usuario":"Fernando","idinstitucion":null},{"id_bitacora":126,"operacion":"Inicio sesion","tabla":"users","hora":"07:28:04","usuario":"Fernando","idinstitucion":null},{"id_bitacora":127,"operacion":"Inicio sesion","tabla":"users","hora":"07:33:22","usuario":"Fernando","idinstitucion":null},{"id_bitacora":128,"operacion":"Inicio sesion","tabla":"users","hora":"07:34:04","usuario":"Fernando","idinstitucion":null},{"id_bitacora":129,"operacion":"Inicio sesion","tabla":"users","hora":"07:34:34","usuario":"Fernando","idinstitucion":null},{"id_bitacora":130,"operacion":"Inicio sesion","tabla":"users","hora":"07:37:03","usuario":"Fernando","idinstitucion":null},{"id_bitacora":131,"operacion":"Inicio sesion","tabla":"users","hora":"07:38:19","usuario":"Fernando","idinstitucion":null},{"id_bitacora":132,"operacion":"cerrar sesion","tabla":"users","hora":"07:40:25","usuario":"Fernando","idinstitucion":null},{"id_bitacora":133,"operacion":"Inicio sesion","tabla":"users","hora":"07:40:41","usuario":"jose","idinstitucion":null},{"id_bitacora":134,"operacion":"cerrar sesion","tabla":"users","hora":"07:43:54","usuario":"jose","idinstitucion":null},{"id_bitacora":135,"operacion":"Inicio sesion","tabla":"users","hora":"07:44:19","usuario":"Fernando","idinstitucion":null},{"id_bitacora":136,"operacion":"cerrar sesion","tabla":"users","hora":"07:50:59","usuario":"Fernando","idinstitucion":null},{"id_bitacora":137,"operacion":"Inicio sesion","tabla":"users","hora":"07:51:14","usuario":"jose","idinstitucion":null},{"id_bitacora":138,"operacion":"cerrar sesion","tabla":"users","hora":"07:54:07","usuario":"jose","idinstitucion":null},{"id_bitacora":139,"operacion":"Inicio sesion","tabla":"users","hora":"07:54:23","usuario":"jose","idinstitucion":null},{"id_bitacora":140,"operacion":"cerrar sesion","tabla":"users","hora":"07:55:22","usuario":"jose","idinstitucion":null},{"id_bitacora":141,"operacion":"Inicio sesion","tabla":"users","hora":"07:55:35","usuario":"Fernando","idinstitucion":null},{"id_bitacora":142,"operacion":"cerrar sesion","tabla":"users","hora":"07:56:06","usuario":"Fernando","idinstitucion":null},{"id_bitacora":143,"operacion":"Inicio sesion","tabla":"users","hora":"07:56:26","usuario":"jose","idinstitucion":null},{"id_bitacora":144,"operacion":"cerrar sesion","tabla":"users","hora":"08:08:54","usuario":"jose","idinstitucion":null},{"id_bitacora":145,"operacion":"Inicio sesion","tabla":"users","hora":"08:09:05","usuario":"Fernando","idinstitucion":null},{"id_bitacora":146,"operacion":"cerrar sesion","tabla":"users","hora":"08:10:12","usuario":"Fernando","idinstitucion":null},{"id_bitacora":147,"operacion":"Inicio sesion","tabla":"users","hora":"08:10:24","usuario":"jose","idinstitucion":null},{"id_bitacora":148,"operacion":"cerrar sesion","tabla":"users","hora":"08:11:45","usuario":"jose","idinstitucion":null},{"id_bitacora":149,"operacion":"Inicio sesion","tabla":"users","hora":"08:11:56","usuario":"Fernando","idinstitucion":null},{"id_bitacora":150,"operacion":"cerrar sesion","tabla":"users","hora":"08:12:11","usuario":"Fernando","idinstitucion":null},{"id_bitacora":151,"operacion":"Inicio sesion","tabla":"users","hora":"08:12:32","usuario":"jose","idinstitucion":null},{"id_bitacora":152,"operacion":"cerrar sesion","tabla":"users","hora":"08:13:37","usuario":"jose","idinstitucion":null},{"id_bitacora":153,"operacion":"Inicio sesion","tabla":"users","hora":"08:13:53","usuario":"Fernando","idinstitucion":null},{"id_bitacora":154,"operacion":"Inicio sesion","tabla":"users","hora":"08:16:43","usuario":"Fernando","idinstitucion":null},{"id_bitacora":155,"operacion":"cerrar sesion","tabla":"users","hora":"08:17:09","usuario":"Fernando","idinstitucion":null},{"id_bitacora":156,"operacion":"Inicio sesion","tabla":"users","hora":"08:17:24","usuario":"jose","idinstitucion":null},{"id_bitacora":157,"operacion":"Inicio sesion","tabla":"users","hora":"08:21:02","usuario":"jose","idinstitucion":null},{"id_bitacora":158,"operacion":"Inicio sesion","tabla":"users","hora":"08:27:21","usuario":"jose","idinstitucion":null},{"id_bitacora":159,"operacion":"cerrar sesion","tabla":"users","hora":"08:27:32","usuario":"jose","idinstitucion":null},{"id_bitacora":160,"operacion":"Inicio sesion","tabla":"users","hora":"08:27:46","usuario":"Fernando","idinstitucion":null},{"id_bitacora":161,"operacion":"cerrar sesion","tabla":"users","hora":"08:45:19","usuario":"Fernando","idinstitucion":null},{"id_bitacora":162,"operacion":"Inicio sesion","tabla":"users","hora":"08:45:32","usuario":"jose","idinstitucion":null},{"id_bitacora":163,"operacion":"Inicio sesion","tabla":"users","hora":"08:47:04","usuario":"jose","idinstitucion":null},{"id_bitacora":164,"operacion":"Inicio sesion","tabla":"users","hora":"08:49:15","usuario":null,"idinstitucion":null},{"id_bitacora":165,"operacion":"Inicio sesion","tabla":"users","hora":"08:49:59","usuario":null,"idinstitucion":null},{"id_bitacora":166,"operacion":"Inicio sesion","tabla":"users","hora":"08:51:36","usuario":"jose","idinstitucion":null},{"id_bitacora":167,"operacion":"Inicio sesion","tabla":"users","hora":"08:52:31","usuario":"jose","idinstitucion":null},{"id_bitacora":168,"operacion":"Inicio sesion","tabla":"users","hora":"16:57:10","usuario":"jose","idinstitucion":null},{"id_bitacora":169,"operacion":"cerrar sesion","tabla":"users","hora":"16:57:26","usuario":"jose","idinstitucion":null},{"id_bitacora":170,"operacion":"Inicio sesion","tabla":"users","hora":"16:57:39","usuario":"Fernando","idinstitucion":null},{"id_bitacora":171,"operacion":"cerrar sesion","tabla":"users","hora":"16:58:16","usuario":"Fernando","idinstitucion":null},{"id_bitacora":172,"operacion":"Inicio sesion","tabla":"users","hora":"16:58:35","usuario":null,"idinstitucion":null},{"id_bitacora":173,"operacion":"Inicio sesion","tabla":"users","hora":"17:00:26","usuario":null,"idinstitucion":null},{"id_bitacora":174,"operacion":"Inicio sesion","tabla":"users","hora":"17:02:22","usuario":null,"idinstitucion":null},{"id_bitacora":175,"operacion":"Inicio sesion","tabla":"users","hora":"17:07:35","usuario":"Fernando","idinstitucion":null},{"id_bitacora":176,"operacion":"Inicio sesion","tabla":"users","hora":"17:07:57","usuario":"Fernando","idinstitucion":null},{"id_bitacora":177,"operacion":"Inicio sesion","tabla":"users","hora":"17:14:47","usuario":null,"idinstitucion":null},{"id_bitacora":178,"operacion":"Inicio sesion","tabla":"users","hora":"17:14:59","usuario":null,"idinstitucion":null},{"id_bitacora":179,"operacion":"Inicio sesion","tabla":"users","hora":"17:15:34","usuario":null,"idinstitucion":null},{"id_bitacora":180,"operacion":"Inicio sesion","tabla":"users","hora":"17:16:04","usuario":null,"idinstitucion":null},{"id_bitacora":181,"operacion":"Inicio sesion","tabla":"users","hora":"17:17:04","usuario":null,"idinstitucion":null},{"id_bitacora":182,"operacion":"Inicio sesion","tabla":"users","hora":"17:17:48","usuario":null,"idinstitucion":null},{"id_bitacora":183,"operacion":"Inicio sesion","tabla":"users","hora":"17:19:36","usuario":"Fernando","idinstitucion":null},{"id_bitacora":184,"operacion":"Inicio sesion","tabla":"users","hora":"17:23:21","usuario":null,"idinstitucion":null},{"id_bitacora":185,"operacion":"Inicio sesion","tabla":"users","hora":"17:24:15","usuario":null,"idinstitucion":null},{"id_bitacora":186,"operacion":"Inicio sesion","tabla":"users","hora":"17:30:57","usuario":null,"idinstitucion":null},{"id_bitacora":187,"operacion":"Inicio sesion","tabla":"users","hora":"17:31:21","usuario":null,"idinstitucion":null},{"id_bitacora":188,"operacion":"Inicio sesion","tabla":"users","hora":"17:34:05","usuario":null,"idinstitucion":null},{"id_bitacora":189,"operacion":"Inicio sesion","tabla":"users","hora":"17:34:41","usuario":null,"idinstitucion":null},{"id_bitacora":190,"operacion":"Inicio sesion","tabla":"users","hora":"17:37:55","usuario":"Fernando","idinstitucion":null},{"id_bitacora":191,"operacion":"Inicio sesion","tabla":"users","hora":"17:39:28","usuario":"Fernando","idinstitucion":null},{"id_bitacora":192,"operacion":"Inicio sesion","tabla":"users","hora":"17:48:01","usuario":"jose","idinstitucion":null},{"id_bitacora":193,"operacion":"Inicio sesion","tabla":"users","hora":"17:51:37","usuario":"jose","idinstitucion":null},{"id_bitacora":194,"operacion":"Inicio sesion","tabla":"users","hora":"17:52:24","usuario":"jose","idinstitucion":null},{"id_bitacora":195,"operacion":"Inicio sesion","tabla":"users","hora":"17:52:52","usuario":"Fernando","idinstitucion":null},{"id_bitacora":196,"operacion":"Inicio sesion","tabla":"users","hora":"17:54:59","usuario":"Fernando","idinstitucion":null},{"id_bitacora":197,"operacion":"Inicio sesion","tabla":"users","hora":"17:57:10","usuario":"Fernando","idinstitucion":null},{"id_bitacora":198,"operacion":"Inicio sesion","tabla":"users","hora":"17:57:41","usuario":"Fernando","idinstitucion":null},{"id_bitacora":199,"operacion":"Inicio sesion","tabla":"users","hora":"17:58:31","usuario":"Fernando","idinstitucion":null},{"id_bitacora":200,"operacion":"Inicio sesion","tabla":"users","hora":"17:59:14","usuario":"Fernando","idinstitucion":null},{"id_bitacora":201,"operacion":"Inicio sesion","tabla":"users","hora":"18:00:48","usuario":"jose","idinstitucion":null},{"id_bitacora":202,"operacion":"cerrar sesion","tabla":"users","hora":"18:01:08","usuario":"jose","idinstitucion":null},{"id_bitacora":203,"operacion":"Inicio sesion","tabla":"users","hora":"18:01:23","usuario":"Fernando","idinstitucion":null},{"id_bitacora":204,"operacion":"Inicio sesion","tabla":"users","hora":"18:02:58","usuario":"Fernando","idinstitucion":null},{"id_bitacora":205,"operacion":"cerrar sesion","tabla":"users","hora":"18:03:08","usuario":"Fernando","idinstitucion":null},{"id_bitacora":206,"operacion":"Inicio sesion","tabla":"users","hora":"18:03:23","usuario":"jose","idinstitucion":null},{"id_bitacora":207,"operacion":"cerrar sesion","tabla":"users","hora":"18:03:54","usuario":"jose","idinstitucion":null},{"id_bitacora":208,"operacion":"Inicio sesion","tabla":"users","hora":"18:04:08","usuario":"Fernando","idinstitucion":null},{"id_bitacora":209,"operacion":"cerrar sesion","tabla":"users","hora":"18:08:39","usuario":"Fernando","idinstitucion":null},{"id_bitacora":210,"operacion":"Inicio sesion","tabla":"users","hora":"18:08:50","usuario":"Fernando","idinstitucion":null},{"id_bitacora":211,"operacion":"cerrar sesion","tabla":"users","hora":"18:09:03","usuario":"Fernando","idinstitucion":null},{"id_bitacora":212,"operacion":"Inicio sesion","tabla":"users","hora":"18:09:16","usuario":"jose","idinstitucion":null},{"id_bitacora":213,"operacion":"cerrar sesion","tabla":"users","hora":"18:10:04","usuario":"jose","idinstitucion":null},{"id_bitacora":214,"operacion":"Inicio sesion","tabla":"users","hora":"18:10:16","usuario":"Fernando","idinstitucion":null},{"id_bitacora":215,"operacion":"Inicio sesion","tabla":"users","hora":"21:32:23","usuario":"Fernando","idinstitucion":null},{"id_bitacora":216,"operacion":"cerrar sesion","tabla":"users","hora":"21:33:09","usuario":"Fernando","idinstitucion":null},{"id_bitacora":217,"operacion":"Inicio sesion","tabla":"users","hora":"21:33:25","usuario":"jose","idinstitucion":null},{"id_bitacora":218,"operacion":"cerrar sesion","tabla":"users","hora":"21:34:01","usuario":"jose","idinstitucion":null},{"id_bitacora":219,"operacion":"Inicio sesion","tabla":"users","hora":"21:34:15","usuario":"Fernando","idinstitucion":null},{"id_bitacora":220,"operacion":"cerrar sesion","tabla":"users","hora":"21:38:23","usuario":"Fernando","idinstitucion":null},{"id_bitacora":221,"operacion":"Inicio sesion","tabla":"users","hora":"21:40:13","usuario":"jose","idinstitucion":null},{"id_bitacora":222,"operacion":"cerrar sesion","tabla":"users","hora":"21:43:05","usuario":"jose","idinstitucion":null},{"id_bitacora":223,"operacion":"Inicio sesion","tabla":"users","hora":"21:43:20","usuario":"jose","idinstitucion":null},{"id_bitacora":224,"operacion":"cerrar sesion","tabla":"users","hora":"21:44:28","usuario":"jose","idinstitucion":null},{"id_bitacora":225,"operacion":"Inicio sesion","tabla":"users","hora":"21:44:45","usuario":"jose","idinstitucion":null},{"id_bitacora":226,"operacion":"cerrar sesion","tabla":"users","hora":"21:52:04","usuario":"jose","idinstitucion":null},{"id_bitacora":227,"operacion":"Inicio sesion","tabla":"users","hora":"21:52:19","usuario":"Fernando","idinstitucion":null},{"id_bitacora":228,"operacion":"cerrar sesion","tabla":"users","hora":"21:54:49","usuario":"Fernando","idinstitucion":null},{"id_bitacora":229,"operacion":"Inicio sesion","tabla":"users","hora":"21:55:09","usuario":"Fernando","idinstitucion":null},{"id_bitacora":230,"operacion":"cerrar sesion","tabla":"users","hora":"22:05:08","usuario":"Fernando","idinstitucion":null},{"id_bitacora":231,"operacion":"Inicio sesion","tabla":"users","hora":"22:05:24","usuario":"jose","idinstitucion":null},{"id_bitacora":232,"operacion":"cerrar sesion","tabla":"users","hora":"22:09:48","usuario":"jose","idinstitucion":null},{"id_bitacora":233,"operacion":"Inicio sesion","tabla":"users","hora":"22:10:01","usuario":"Maritza","idinstitucion":null},{"id_bitacora":234,"operacion":"Inicio sesion","tabla":"users","hora":"22:50:05","usuario":"jose","idinstitucion":null},{"id_bitacora":235,"operacion":"cerrar sesion","tabla":"users","hora":"22:53:09","usuario":"jose","idinstitucion":null},{"id_bitacora":236,"operacion":"Inicio sesion","tabla":"users","hora":"22:53:32","usuario":"jose","idinstitucion":null},{"id_bitacora":237,"operacion":"cerrar sesion","tabla":"users","hora":"23:20:41","usuario":"jose","idinstitucion":null},{"id_bitacora":238,"operacion":"Inicio sesion","tabla":"users","hora":"23:20:53","usuario":"Fernando","idinstitucion":null},{"id_bitacora":239,"operacion":"cerrar sesion","tabla":"users","hora":"23:21:09","usuario":"Fernando","idinstitucion":null},{"id_bitacora":240,"operacion":"Inicio sesion","tabla":"users","hora":"23:21:34","usuario":"jose","idinstitucion":null},{"id_bitacora":241,"operacion":"Inicio sesion","tabla":"users","hora":"23:22:13","usuario":"jose","idinstitucion":null},{"id_bitacora":242,"operacion":"cerrar sesion","tabla":"users","hora":"23:46:42","usuario":"jose","idinstitucion":null},{"id_bitacora":243,"operacion":"Inicio sesion","tabla":"users","hora":"23:46:59","usuario":"jose","idinstitucion":null},{"id_bitacora":244,"operacion":"Inicio sesion","tabla":"users","hora":"23:57:33","usuario":"jose","idinstitucion":null},{"id_bitacora":245,"operacion":"cerrar sesion","tabla":"users","hora":"23:57:41","usuario":"jose","idinstitucion":null},{"id_bitacora":246,"operacion":"Inicio sesion","tabla":"users","hora":"23:57:53","usuario":"Fernando","idinstitucion":null},{"id_bitacora":247,"operacion":"Inicio sesion","tabla":"users","hora":"23:58:51","usuario":"jose","idinstitucion":null},{"id_bitacora":248,"operacion":"cerrar sesion","tabla":"users","hora":"23:59:01","usuario":"jose","idinstitucion":null},{"id_bitacora":249,"operacion":"Inicio sesion","tabla":"users","hora":"23:59:17","usuario":"Fernando","idinstitucion":null},{"id_bitacora":250,"operacion":"cerrar sesion","tabla":"users","hora":"00:18:07","usuario":"Fernando","idinstitucion":null},{"id_bitacora":251,"operacion":"Inicio sesion","tabla":"users","hora":"00:18:20","usuario":"jose","idinstitucion":null},{"id_bitacora":252,"operacion":"Inicio sesion","tabla":"users","hora":"04:34:50","usuario":"jose","idinstitucion":null},{"id_bitacora":253,"operacion":"cerrar sesion","tabla":"users","hora":"04:39:28","usuario":"jose","idinstitucion":null},{"id_bitacora":254,"operacion":"Inicio sesion","tabla":"users","hora":"04:39:53","usuario":"jose","idinstitucion":null},{"id_bitacora":255,"operacion":"Inicio sesion","tabla":"users","hora":"04:43:52","usuario":"jose","idinstitucion":null},{"id_bitacora":256,"operacion":"cerrar sesion","tabla":"users","hora":"04:48:00","usuario":"jose","idinstitucion":null},{"id_bitacora":257,"operacion":"Inicio sesion","tabla":"users","hora":"04:48:26","usuario":"Gonzalo Ulises","idinstitucion":null},{"id_bitacora":258,"operacion":"cerrar sesion","tabla":"users","hora":"04:56:28","usuario":"Gonzalo Ulises","idinstitucion":null},{"id_bitacora":259,"operacion":"Inicio sesion","tabla":"users","hora":"04:56:45","usuario":"Gonzalo Ulises","idinstitucion":null},{"id_bitacora":260,"operacion":"Inicio sesion","tabla":"users","hora":"04:57:25","usuario":"Gonzalo Ulises","idinstitucion":null},{"id_bitacora":261,"operacion":"cerrar sesion","tabla":"users","hora":"04:58:56","usuario":"Gonzalo Ulises","idinstitucion":null},{"id_bitacora":262,"operacion":"Inicio sesion","tabla":"users","hora":"04:59:15","usuario":"Gonzalo Ulises","idinstitucion":null},{"id_bitacora":263,"operacion":"cerrar sesion","tabla":"users","hora":"04:59:32","usuario":"Gonzalo Ulises","idinstitucion":null},{"id_bitacora":264,"operacion":"Inicio sesion","tabla":"users","hora":"04:59:46","usuario":"jose","idinstitucion":null},{"id_bitacora":265,"operacion":"cerrar sesion","tabla":"users","hora":"05:01:09","usuario":"jose","idinstitucion":null},{"id_bitacora":266,"operacion":"Inicio sesion","tabla":"users","hora":"05:01:26","usuario":"jose","idinstitucion":null},{"id_bitacora":267,"operacion":"Inicio sesion","tabla":"users","hora":"05:02:26","usuario":"jose","idinstitucion":null},{"id_bitacora":268,"operacion":"cerrar sesion","tabla":"users","hora":"05:05:28","usuario":"jose","idinstitucion":null},{"id_bitacora":269,"operacion":"Inicio sesion","tabla":"users","hora":"05:06:03","usuario":"Leonardo","idinstitucion":null},{"id_bitacora":270,"operacion":"cerrar sesion","tabla":"users","hora":"05:45:07","usuario":"Leonardo","idinstitucion":null},{"id_bitacora":271,"operacion":"Inicio sesion","tabla":"users","hora":"05:45:24","usuario":"Nuevo","idinstitucion":null},{"id_bitacora":272,"operacion":"cerrar sesion","tabla":"users","hora":"05:45:39","usuario":"Nuevo","idinstitucion":null},{"id_bitacora":273,"operacion":"Inicio sesion","tabla":"users","hora":"05:45:56","usuario":"Leonardo","idinstitucion":null},{"id_bitacora":274,"operacion":"Inicio sesion","tabla":"users","hora":"05:55:09","usuario":"Leonardo","idinstitucion":null},{"id_bitacora":275,"operacion":"Inicio sesion","tabla":"users","hora":"06:29:17","usuario":"Leonardo","idinstitucion":null},{"id_bitacora":276,"operacion":"cerrar sesion","tabla":"users","hora":"06:34:46","usuario":"Leonardo","idinstitucion":null},{"id_bitacora":277,"operacion":"Inicio sesion","tabla":"users","hora":"06:35:00","usuario":"jose","idinstitucion":null},{"id_bitacora":278,"operacion":"cerrar sesion","tabla":"users","hora":"06:38:15","usuario":"jose","idinstitucion":null},{"id_bitacora":279,"operacion":"Inicio sesion","tabla":"users","hora":"06:39:16","usuario":"jose","idinstitucion":null},{"id_bitacora":280,"operacion":"Inicio sesion","tabla":"users","hora":"06:46:02","usuario":"Ivan","idinstitucion":null},{"id_bitacora":281,"operacion":"cerrar sesion","tabla":"users","hora":"07:02:23","usuario":"Ivan","idinstitucion":null},{"id_bitacora":282,"operacion":"Inicio sesion","tabla":"users","hora":"07:02:58","usuario":"Armando","idinstitucion":null},{"id_bitacora":283,"operacion":"cerrar sesion","tabla":"users","hora":"07:03:35","usuario":"Armando","idinstitucion":null},{"id_bitacora":284,"operacion":"Inicio sesion","tabla":"users","hora":"07:04:19","usuario":"Armando","idinstitucion":null},{"id_bitacora":285,"operacion":"cerrar sesion","tabla":"users","hora":"07:04:33","usuario":"Armando","idinstitucion":null},{"id_bitacora":286,"operacion":"Inicio sesion","tabla":"users","hora":"07:04:59","usuario":"Ivan","idinstitucion":null},{"id_bitacora":287,"operacion":"cerrar sesion","tabla":"users","hora":"07:06:01","usuario":"Ivan","idinstitucion":null},{"id_bitacora":288,"operacion":"Inicio sesion","tabla":"users","hora":"07:06:14","usuario":"jose","idinstitucion":null},{"id_bitacora":289,"operacion":"cerrar sesion","tabla":"users","hora":"07:06:50","usuario":"jose","idinstitucion":null},{"id_bitacora":290,"operacion":"Inicio sesion","tabla":"users","hora":"07:07:09","usuario":"Ivan","idinstitucion":null},{"id_bitacora":291,"operacion":"cerrar sesion","tabla":"users","hora":"07:09:56","usuario":"Ivan","idinstitucion":null},{"id_bitacora":292,"operacion":"Inicio sesion","tabla":"users","hora":"07:10:26","usuario":"jose","idinstitucion":null},{"id_bitacora":293,"operacion":"cerrar sesion","tabla":"users","hora":"07:13:31","usuario":"jose","idinstitucion":null},{"id_bitacora":294,"operacion":"Inicio sesion","tabla":"users","hora":"07:14:08","usuario":"jose","idinstitucion":null},{"id_bitacora":295,"operacion":"cerrar sesion","tabla":"users","hora":"07:20:27","usuario":"jose","idinstitucion":null},{"id_bitacora":296,"operacion":"Inicio sesion","tabla":"users","hora":"07:21:15","usuario":"Isaias","idinstitucion":null},{"id_bitacora":297,"operacion":"cerrar sesion","tabla":"users","hora":"07:24:53","usuario":"Isaias","idinstitucion":null},{"id_bitacora":298,"operacion":"Inicio sesion","tabla":"users","hora":"07:25:13","usuario":"user1","idinstitucion":null},{"id_bitacora":299,"operacion":"cerrar sesion","tabla":"users","hora":"07:26:14","usuario":"user1","idinstitucion":null},{"id_bitacora":300,"operacion":"Inicio sesion","tabla":"users","hora":"07:27:21","usuario":"user1","idinstitucion":null},{"id_bitacora":301,"operacion":"Inicio sesion","tabla":"users","hora":"07:41:51","usuario":"Leonardo","idinstitucion":null},{"id_bitacora":302,"operacion":"cerrar sesion","tabla":"users","hora":"07:49:10","usuario":"Leonardo","idinstitucion":null},{"id_bitacora":303,"operacion":"Inicio sesion","tabla":"users","hora":"07:49:32","usuario":"jose","idinstitucion":null},{"id_bitacora":304,"operacion":"cerrar sesion","tabla":"users","hora":"07:49:59","usuario":"jose","idinstitucion":null},{"id_bitacora":305,"operacion":"Inicio sesion","tabla":"users","hora":"07:50:19","usuario":"Gonzalo Ulises","idinstitucion":null},{"id_bitacora":306,"operacion":"cerrar sesion","tabla":"users","hora":"07:52:52","usuario":"Gonzalo Ulises","idinstitucion":null},{"id_bitacora":307,"operacion":"Inicio sesion","tabla":"users","hora":"07:53:12","usuario":"Juan","idinstitucion":null},{"id_bitacora":308,"operacion":"cerrar sesion","tabla":"users","hora":"07:53:40","usuario":"Juan","idinstitucion":null},{"id_bitacora":309,"operacion":"Inicio sesion","tabla":"users","hora":"07:54:47","usuario":"jose","idinstitucion":null},{"id_bitacora":310,"operacion":"cerrar sesion","tabla":"users","hora":"07:58:47","usuario":"jose","idinstitucion":null},{"id_bitacora":311,"operacion":"Inicio sesion","tabla":"users","hora":"07:59:05","usuario":"Jose Eduardo","idinstitucion":null},{"id_bitacora":312,"operacion":"cerrar sesion","tabla":"users","hora":"08:01:16","usuario":"Jose Eduardo","idinstitucion":null},{"id_bitacora":313,"operacion":"Inicio sesion","tabla":"users","hora":"08:01:34","usuario":"Jose Eduardo","idinstitucion":null},{"id_bitacora":314,"operacion":"Inicio sesion","tabla":"users","hora":"08:03:55","usuario":"Jose Eduardo","idinstitucion":null},{"id_bitacora":315,"operacion":"cerrar sesion","tabla":"users","hora":"08:20:35","usuario":"Jose Eduardo","idinstitucion":null},{"id_bitacora":316,"operacion":"Inicio sesion","tabla":"users","hora":"08:20:57","usuario":"Jose Eduardo","idinstitucion":null},{"id_bitacora":317,"operacion":"Inicio sesion","tabla":"users","hora":"08:22:35","usuario":"Jose Eduardo","idinstitucion":null},{"id_bitacora":318,"operacion":"Inicio sesion","tabla":"users","hora":"08:27:37","usuario":"Jose Eduardo","idinstitucion":null},{"id_bitacora":319,"operacion":"Inicio sesion","tabla":"users","hora":"08:39:29","usuario":"Jose Eduardo","idinstitucion":null},{"id_bitacora":320,"operacion":"Inicio sesion","tabla":"users","hora":"08:41:22","usuario":"Jose Eduardo","idinstitucion":null},{"id_bitacora":321,"operacion":"cerrar sesion","tabla":"users","hora":"08:44:42","usuario":"Jose Eduardo","idinstitucion":null},{"id_bitacora":322,"operacion":"Inicio sesion","tabla":"users","hora":"08:45:19","usuario":"Pepito","idinstitucion":null},{"id_bitacora":323,"operacion":"Inicio sesion","tabla":"users","hora":"08:45:46","usuario":"Pepito","idinstitucion":null},{"id_bitacora":324,"operacion":"cerrar sesion","tabla":"users","hora":"08:46:15","usuario":"Pepito","idinstitucion":null},{"id_bitacora":325,"operacion":"Inicio sesion","tabla":"users","hora":"08:46:34","usuario":"Jose Eduardo","idinstitucion":null},{"id_bitacora":326,"operacion":"cerrar sesion","tabla":"users","hora":"08:47:04","usuario":"Jose Eduardo","idinstitucion":null},{"id_bitacora":327,"operacion":"Inicio sesion","tabla":"users","hora":"08:47:23","usuario":"Pepito","idinstitucion":null},{"id_bitacora":328,"operacion":"cerrar sesion","tabla":"users","hora":"08:57:16","usuario":"Pepito","idinstitucion":null},{"id_bitacora":329,"operacion":"Inicio sesion","tabla":"users","hora":"08:57:38","usuario":"Jose Eduardo","idinstitucion":null},{"id_bitacora":330,"operacion":"cerrar sesion","tabla":"users","hora":"09:00:56","usuario":"Jose Eduardo","idinstitucion":null},{"id_bitacora":331,"operacion":"Inicio sesion","tabla":"users","hora":"09:01:17","usuario":"Jose Eduardo","idinstitucion":null},{"id_bitacora":332,"operacion":"cerrar sesion","tabla":"users","hora":"09:03:50","usuario":"Jose Eduardo","idinstitucion":null},{"id_bitacora":333,"operacion":"Inicio sesion","tabla":"users","hora":"09:04:08","usuario":"Jose Eduardo","idinstitucion":null},{"id_bitacora":334,"operacion":"cerrar sesion","tabla":"users","hora":"09:07:24","usuario":"Jose Eduardo","idinstitucion":null},{"id_bitacora":335,"operacion":"Inicio sesion","tabla":"users","hora":"09:07:42","usuario":"Ivan","idinstitucion":null},{"id_bitacora":336,"operacion":"cerrar sesion","tabla":"users","hora":"09:07:59","usuario":"Ivan","idinstitucion":null},{"id_bitacora":337,"operacion":"Inicio sesion","tabla":"users","hora":"09:25:16","usuario":"Jose Eduardo","idinstitucion":null},{"id_bitacora":338,"operacion":"cerrar sesion","tabla":"users","hora":"09:30:20","usuario":"Jose Eduardo","idinstitucion":null},{"id_bitacora":339,"operacion":"Inicio sesion","tabla":"users","hora":"09:31:14","usuario":"Jose Eduardo","idinstitucion":null},{"id_bitacora":340,"operacion":"cerrar sesion","tabla":"users","hora":"09:33:26","usuario":"Jose Eduardo","idinstitucion":null},{"id_bitacora":341,"operacion":"Inicio sesion","tabla":"users","hora":"09:33:41","usuario":"jose","idinstitucion":null},{"id_bitacora":342,"operacion":"cerrar sesion","tabla":"users","hora":"09:34:32","usuario":"jose","idinstitucion":null},{"id_bitacora":343,"operacion":"Inicio sesion","tabla":"users","hora":"09:34:48","usuario":"jose","idinstitucion":null},{"id_bitacora":344,"operacion":"Inicio sesion","tabla":"users","hora":"10:35:58","usuario":"jose","idinstitucion":null},{"id_bitacora":345,"operacion":"Inicio sesion","tabla":"users","hora":"10:36:45","usuario":"jose","idinstitucion":null},{"id_bitacora":346,"operacion":"cerrar sesion","tabla":"users","hora":"10:37:08","usuario":"jose","idinstitucion":null},{"id_bitacora":347,"operacion":"Inicio sesion","tabla":"users","hora":"10:37:27","usuario":"Jose Eduardo","idinstitucion":12},{"id_bitacora":348,"operacion":"cerrar sesion","tabla":"users","hora":"10:37:48","usuario":"Jose Eduardo","idinstitucion":12},{"id_bitacora":349,"operacion":"Inicio sesion","tabla":"users","hora":"10:38:04","usuario":"jose","idinstitucion":null},{"id_bitacora":350,"operacion":"Inicio sesion","tabla":"users","hora":"10:38:59","usuario":"Jose Eduardo","idinstitucion":12},{"id_bitacora":351,"operacion":"cerrar sesion","tabla":"users","hora":"10:40:34","usuario":"Jose Eduardo","idinstitucion":12},{"id_bitacora":352,"operacion":"Inicio sesion","tabla":"users","hora":"10:40:51","usuario":"Jose Eduardo","idinstitucion":12},{"id_bitacora":353,"operacion":"Inicio sesion","tabla":"users","hora":"10:42:09","usuario":"Jose Eduardo","idinstitucion":12},{"id_bitacora":354,"operacion":"cerrar sesion","tabla":"users","hora":"10:42:33","usuario":"Jose Eduardo","idinstitucion":12},{"id_bitacora":355,"operacion":"Inicio sesion","tabla":"users","hora":"10:42:52","usuario":"Leonardo","idinstitucion":7},{"id_bitacora":356,"operacion":"cerrar sesion","tabla":"users","hora":"10:53:01","usuario":"Leonardo","idinstitucion":7},{"id_bitacora":357,"operacion":"Inicio sesion","tabla":"users","hora":"10:53:23","usuario":"Jose Eduardo","idinstitucion":12},{"id_bitacora":358,"operacion":"Insertar","tabla":"users","hora":"10:54:02","usuario":"Jose Eduardo","idinstitucion":12},{"id_bitacora":359,"operacion":"Inicio sesion","tabla":"users","hora":"15:49:06","usuario":"jose","idinstitucion":null},{"id_bitacora":360,"operacion":"Inicio sesion","tabla":"users","hora":"17:43:10","usuario":"Leonardo","idinstitucion":7},{"id_bitacora":361,"operacion":"Inicio sesion","tabla":"users","hora":"17:46:27","usuario":"Leonardo","idinstitucion":7},{"id_bitacora":362,"operacion":"Inicio sesion","tabla":"users","hora":"17:54:56","usuario":"Leonardo","idinstitucion":7},{"id_bitacora":363,"operacion":"cerrar sesion","tabla":"users","hora":"17:56:56","usuario":"Leonardo","idinstitucion":7},{"id_bitacora":364,"operacion":"Inicio sesion","tabla":"users","hora":"17:57:23","usuario":"jose","idinstitucion":null},{"id_bitacora":365,"operacion":"Insertar","tabla":"departamentos","hora":"18:00:39","usuario":"jose","idinstitucion":null},{"id_bitacora":366,"operacion":"Insertar","tabla":"users","hora":"18:04:33","usuario":"jose","idinstitucion":null},{"id_bitacora":367,"operacion":"cerrar sesion","tabla":"users","hora":"18:05:22","usuario":"jose","idinstitucion":null},{"id_bitacora":368,"operacion":"Inicio sesion","tabla":"users","hora":"18:05:44","usuario":"Isaias","idinstitucion":13},{"id_bitacora":369,"operacion":"Insertar","tabla":"departamentos","hora":"18:06:22","usuario":"Isaias","idinstitucion":13},{"id_bitacora":370,"operacion":"Insertar","tabla":"users","hora":"18:09:52","usuario":"Isaias","idinstitucion":13},{"id_bitacora":371,"operacion":"cerrar sesion","tabla":"users","hora":"18:10:03","usuario":"Isaias","idinstitucion":13},{"id_bitacora":372,"operacion":"Inicio sesion","tabla":"users","hora":"18:10:19","usuario":"Ivan","idinstitucion":13},{"id_bitacora":373,"operacion":"cerrar sesion","tabla":"users","hora":"18:10:33","usuario":"Ivan","idinstitucion":13},{"id_bitacora":374,"operacion":"Inicio sesion","tabla":"users","hora":"18:10:52","usuario":"Isaias","idinstitucion":13},{"id_bitacora":375,"operacion":"cerrar sesion","tabla":"users","hora":"18:15:39","usuario":"Isaias","idinstitucion":13},{"id_bitacora":376,"operacion":"Inicio sesion","tabla":"users","hora":"18:16:06","usuario":"Ivan","idinstitucion":13},{"id_bitacora":377,"operacion":"cerrar sesion","tabla":"users","hora":"18:22:09","usuario":"Ivan","idinstitucion":13},{"id_bitacora":378,"operacion":"Inicio sesion","tabla":"users","hora":"18:22:28","usuario":"Isaias","idinstitucion":13},{"id_bitacora":379,"operacion":"Insertar","tabla":"users","hora":"18:29:31","usuario":"Isaias","idinstitucion":13},{"id_bitacora":380,"operacion":"Insertar","tabla":"users","hora":"18:30:29","usuario":"Isaias","idinstitucion":13},{"id_bitacora":381,"operacion":"Insertar","tabla":"users","hora":"18:31:08","usuario":"Isaias","idinstitucion":13},{"id_bitacora":382,"operacion":"Insertar","tabla":"users","hora":"18:31:59","usuario":"Isaias","idinstitucion":13},{"id_bitacora":383,"operacion":"Inicio sesion","tabla":"users","hora":"13:36:27","usuario":"Gonzalo Ulises","idinstitucion":6},{"id_bitacora":384,"operacion":"Inicio sesion","tabla":"users","hora":"13:36:39","usuario":"Isaias","idinstitucion":13},{"id_bitacora":385,"operacion":"Inicio sesion","tabla":"users","hora":"13:38:03","usuario":"jose","idinstitucion":null},{"id_bitacora":386,"operacion":"Inicio sesion","tabla":"users","hora":"14:10:21","usuario":"jose","idinstitucion":null},{"id_bitacora":387,"operacion":"Inicio sesion","tabla":"users","hora":"14:19:35","usuario":"jose","idinstitucion":null},{"id_bitacora":388,"operacion":"Inicio sesion","tabla":"users","hora":"14:21:36","usuario":"Isaias","idinstitucion":13},{"id_bitacora":389,"operacion":"Inicio sesion","tabla":"users","hora":"14:35:23","usuario":"jose","idinstitucion":null},{"id_bitacora":390,"operacion":"Inicio sesion","tabla":"users","hora":"14:43:25","usuario":"jose","idinstitucion":null},{"id_bitacora":391,"operacion":"Inicio sesion","tabla":"users","hora":"14:52:03","usuario":"jose","idinstitucion":null},{"id_bitacora":392,"operacion":"Inicio sesion","tabla":"users","hora":"14:55:11","usuario":"jose","idinstitucion":null},{"id_bitacora":393,"operacion":"Inicio sesion","tabla":"users","hora":"15:07:38","usuario":"Isaias","idinstitucion":13},{"id_bitacora":394,"operacion":"Inicio sesion","tabla":"users","hora":"16:47:51","usuario":"Isaias","idinstitucion":13},{"id_bitacora":395,"operacion":"Inicio sesion","tabla":"users","hora":"16:55:13","usuario":"Isaias","idinstitucion":13},{"id_bitacora":396,"operacion":"Inicio sesion","tabla":"users","hora":"16:57:27","usuario":"jose","idinstitucion":null},{"id_bitacora":397,"operacion":"Insertar","tabla":"departamentos","hora":"17:03:02","usuario":"jose","idinstitucion":null},{"id_bitacora":398,"operacion":"Insertar","tabla":"users","hora":"17:03:49","usuario":"jose","idinstitucion":null},{"id_bitacora":399,"operacion":"cerrar sesion","tabla":"users","hora":"17:04:14","usuario":"Isaias","idinstitucion":13},{"id_bitacora":400,"operacion":"Inicio sesion","tabla":"users","hora":"17:04:35","usuario":"manuel","idinstitucion":14},{"id_bitacora":401,"operacion":"cerrar sesion","tabla":"users","hora":"17:06:20","usuario":"manuel","idinstitucion":14},{"id_bitacora":402,"operacion":"Inicio sesion","tabla":"users","hora":"17:06:46","usuario":"Isaias","idinstitucion":13},{"id_bitacora":403,"operacion":"Inicio sesion","tabla":"users","hora":"22:21:55","usuario":"jose","idinstitucion":null},{"id_bitacora":404,"operacion":"Inicio sesion","tabla":"users","hora":"15:48:30","usuario":"jose","idinstitucion":null},{"id_bitacora":405,"operacion":"Inicio sesion","tabla":"users","hora":"15:49:27","usuario":"jose","idinstitucion":null},{"id_bitacora":406,"operacion":"cerrar sesion","tabla":"users","hora":"15:50:05","usuario":"jose","idinstitucion":null},{"id_bitacora":407,"operacion":"Inicio sesion","tabla":"users","hora":"15:50:29","usuario":"Isaias","idinstitucion":11},{"id_bitacora":408,"operacion":"cerrar sesion","tabla":"users","hora":"16:11:10","usuario":"Isaias","idinstitucion":11},{"id_bitacora":409,"operacion":"Inicio sesion","tabla":"users","hora":"16:25:54","usuario":"jose","idinstitucion":null},{"id_bitacora":410,"operacion":"Inicio sesion","tabla":"users","hora":"16:25:57","usuario":"jose","idinstitucion":null},{"id_bitacora":411,"operacion":"Inicio sesion","tabla":"users","hora":"16:25:59","usuario":"jose","idinstitucion":null},{"id_bitacora":412,"operacion":"Inicio sesion","tabla":"users","hora":"16:26:01","usuario":"jose","idinstitucion":null},{"id_bitacora":413,"operacion":"Inicio sesion","tabla":"users","hora":"16:26:02","usuario":"jose","idinstitucion":null},{"id_bitacora":414,"operacion":"Inicio sesion","tabla":"users","hora":"16:26:04","usuario":"jose","idinstitucion":null},{"id_bitacora":415,"operacion":"Inicio sesion","tabla":"users","hora":"17:11:59","usuario":"jose","idinstitucion":null},{"id_bitacora":416,"operacion":"Inicio sesion","tabla":"users","hora":"17:35:11","usuario":"jose","idinstitucion":null},{"id_bitacora":417,"operacion":"Inicio sesion","tabla":"users","hora":"17:36:52","usuario":"Fernando","idinstitucion":4},{"id_bitacora":418,"operacion":"Inicio sesion","tabla":"users","hora":"17:39:37","usuario":"Fernando","idinstitucion":4},{"id_bitacora":419,"operacion":"Inicio sesion","tabla":"users","hora":"17:41:20","usuario":null,"idinstitucion":4},{"id_bitacora":420,"operacion":"Inicio sesion","tabla":"users","hora":"17:49:42","usuario":"jose","idinstitucion":null},{"id_bitacora":421,"operacion":"Inicio sesion","tabla":"users","hora":"17:54:32","usuario":"Fernando","idinstitucion":4},{"id_bitacora":422,"operacion":"Inicio sesion","tabla":"users","hora":"18:00:21","usuario":"jose","idinstitucion":null},{"id_bitacora":423,"operacion":"Inicio sesion","tabla":"users","hora":"18:01:23","usuario":"Fernando","idinstitucion":4},{"id_bitacora":424,"operacion":"Inicio sesion","tabla":"users","hora":"18:10:56","usuario":"jose","idinstitucion":null},{"id_bitacora":425,"operacion":"Inicio sesion","tabla":"users","hora":"18:18:49","usuario":"jose","idinstitucion":null},{"id_bitacora":426,"operacion":"cerrar sesion","tabla":"users","hora":"18:35:31","usuario":"jose","idinstitucion":null},{"id_bitacora":427,"operacion":"cerrar sesion","tabla":"users","hora":"18:35:37","usuario":"jose","idinstitucion":null},{"id_bitacora":428,"operacion":"cerrar sesion","tabla":"users","hora":"18:35:39","usuario":"jose","idinstitucion":null},{"id_bitacora":429,"operacion":"cerrar sesion","tabla":"users","hora":"18:35:44","usuario":"jose","idinstitucion":null},{"id_bitacora":430,"operacion":"cerrar sesion","tabla":"users","hora":"18:35:46","usuario":"jose","idinstitucion":null},{"id_bitacora":431,"operacion":"Inicio sesion","tabla":"users","hora":"18:36:05","usuario":"jose","idinstitucion":null},{"id_bitacora":432,"operacion":"cerrar sesion","tabla":"users","hora":"18:42:22","usuario":"jose","idinstitucion":null},{"id_bitacora":433,"operacion":"cerrar sesion","tabla":"users","hora":"18:43:09","usuario":"jose","idinstitucion":null},{"id_bitacora":434,"operacion":"cerrar sesion","tabla":"users","hora":"18:43:11","usuario":"jose","idinstitucion":null},{"id_bitacora":435,"operacion":"cerrar sesion","tabla":"users","hora":"18:47:46","usuario":"jose","idinstitucion":null},{"id_bitacora":436,"operacion":"Inicio sesion","tabla":"users","hora":"18:47:52","usuario":"jose","idinstitucion":null},{"id_bitacora":437,"operacion":"cerrar sesion","tabla":"users","hora":"18:48:11","usuario":"jose","idinstitucion":null},{"id_bitacora":438,"operacion":"Inicio sesion","tabla":"users","hora":"18:50:56","usuario":"jose","idinstitucion":null},{"id_bitacora":439,"operacion":"Inicio sesion","tabla":"users","hora":"18:51:16","usuario":"jose","idinstitucion":null},{"id_bitacora":440,"operacion":"Inicio sesion","tabla":"users","hora":"18:51:46","usuario":"jose","idinstitucion":null},{"id_bitacora":441,"operacion":"Inicio sesion","tabla":"users","hora":"18:58:20","usuario":"jose","idinstitucion":null},{"id_bitacora":442,"operacion":"cerrar sesion","tabla":"users","hora":"18:58:57","usuario":"jose","idinstitucion":null},{"id_bitacora":443,"operacion":"Inicio sesion","tabla":"users","hora":"18:59:59","usuario":"jose","idinstitucion":null},{"id_bitacora":444,"operacion":"cerrar sesion","tabla":"users","hora":"19:03:26","usuario":"jose","idinstitucion":null},{"id_bitacora":445,"operacion":"cerrar sesion","tabla":"users","hora":"19:09:32","usuario":"jose","idinstitucion":null},{"id_bitacora":446,"operacion":"cerrar sesion","tabla":"users","hora":"19:09:39","usuario":"jose","idinstitucion":null},{"id_bitacora":447,"operacion":"cerrar sesion","tabla":"users","hora":"19:09:42","usuario":"jose","idinstitucion":null},{"id_bitacora":448,"operacion":"cerrar sesion","tabla":"users","hora":"19:09:44","usuario":"jose","idinstitucion":null},{"id_bitacora":449,"operacion":"cerrar sesion","tabla":"users","hora":"19:10:01","usuario":"jose","idinstitucion":null},{"id_bitacora":450,"operacion":"cerrar sesion","tabla":"users","hora":"19:10:03","usuario":"jose","idinstitucion":null},{"id_bitacora":451,"operacion":"cerrar sesion","tabla":"users","hora":"19:18:03","usuario":"jose","idinstitucion":null},{"id_bitacora":452,"operacion":"cerrar sesion","tabla":"users","hora":"19:18:05","usuario":"jose","idinstitucion":null},{"id_bitacora":453,"operacion":"cerrar sesion","tabla":"users","hora":"19:19:37","usuario":"jose","idinstitucion":null},{"id_bitacora":454,"operacion":"cerrar sesion","tabla":"users","hora":"19:19:58","usuario":"jose","idinstitucion":null},{"id_bitacora":455,"operacion":"cerrar sesion","tabla":"users","hora":"19:20:01","usuario":"jose","idinstitucion":null},{"id_bitacora":456,"operacion":"cerrar sesion","tabla":"users","hora":"19:20:03","usuario":"jose","idinstitucion":null},{"id_bitacora":457,"operacion":"cerrar sesion","tabla":"users","hora":"19:20:05","usuario":"jose","idinstitucion":null},{"id_bitacora":458,"operacion":"cerrar sesion","tabla":"users","hora":"19:20:45","usuario":"","idinstitucion":null},{"id_bitacora":459,"operacion":"cerrar sesion","tabla":"users","hora":"19:21:07","usuario":"","idinstitucion":null},{"id_bitacora":460,"operacion":"cerrar sesion","tabla":"users","hora":"19:27:40","usuario":"","idinstitucion":null},{"id_bitacora":461,"operacion":"cerrar sesion","tabla":"users","hora":"19:28:51","usuario":"","idinstitucion":null},{"id_bitacora":462,"operacion":"cerrar sesion","tabla":"users","hora":"19:29:05","usuario":"","idinstitucion":null},{"id_bitacora":463,"operacion":"cerrar sesion","tabla":"users","hora":"19:33:25","usuario":"","idinstitucion":null},{"id_bitacora":464,"operacion":"cerrar sesion","tabla":"users","hora":"19:33:35","usuario":"","idinstitucion":null},{"id_bitacora":465,"operacion":"cerrar sesion","tabla":"users","hora":"19:33:48","usuario":"","idinstitucion":null},{"id_bitacora":466,"operacion":"cerrar sesion","tabla":"users","hora":"19:35:51","usuario":"","idinstitucion":null},{"id_bitacora":467,"operacion":"cerrar sesion","tabla":"users","hora":"19:38:29","usuario":"","idinstitucion":null},{"id_bitacora":468,"operacion":"cerrar sesion","tabla":"users","hora":"19:39:27","usuario":"","idinstitucion":null},{"id_bitacora":469,"operacion":"cerrar sesion","tabla":"users","hora":"19:39:29","usuario":"","idinstitucion":null},{"id_bitacora":470,"operacion":"cerrar sesion","tabla":"users","hora":"19:39:31","usuario":"","idinstitucion":null},{"id_bitacora":471,"operacion":"cerrar sesion","tabla":"users","hora":"19:39:36","usuario":"","idinstitucion":null},{"id_bitacora":472,"operacion":"cerrar sesion","tabla":"users","hora":"19:39:49","usuario":"","idinstitucion":null},{"id_bitacora":473,"operacion":"cerrar sesion","tabla":"users","hora":"19:41:32","usuario":"","idinstitucion":null},{"id_bitacora":474,"operacion":"cerrar sesion","tabla":"users","hora":"19:41:35","usuario":"","idinstitucion":null},{"id_bitacora":475,"operacion":"cerrar sesion","tabla":"users","hora":"19:41:58","usuario":"","idinstitucion":null},{"id_bitacora":476,"operacion":"cerrar sesion","tabla":"users","hora":"19:42:12","usuario":"","idinstitucion":null},{"id_bitacora":477,"operacion":"cerrar sesion","tabla":"users","hora":"19:51:54","usuario":"","idinstitucion":null},{"id_bitacora":478,"operacion":"cerrar sesion","tabla":"users","hora":"19:51:57","usuario":"","idinstitucion":null},{"id_bitacora":479,"operacion":"cerrar sesion","tabla":"users","hora":"19:52:10","usuario":"","idinstitucion":null},{"id_bitacora":480,"operacion":"cerrar sesion","tabla":"users","hora":"19:55:11","usuario":"","idinstitucion":null},{"id_bitacora":481,"operacion":"cerrar sesion","tabla":"users","hora":"19:55:15","usuario":"","idinstitucion":null},{"id_bitacora":482,"operacion":"cerrar sesion","tabla":"users","hora":"19:55:27","usuario":"","idinstitucion":null},{"id_bitacora":483,"operacion":"cerrar sesion","tabla":"users","hora":"19:55:29","usuario":"","idinstitucion":null},{"id_bitacora":484,"operacion":"cerrar sesion","tabla":"users","hora":"19:55:36","usuario":"","idinstitucion":null},{"id_bitacora":485,"operacion":"cerrar sesion","tabla":"users","hora":"19:55:47","usuario":"","idinstitucion":null},{"id_bitacora":486,"operacion":"cerrar sesion","tabla":"users","hora":"19:56:41","usuario":"","idinstitucion":null},{"id_bitacora":487,"operacion":"cerrar sesion","tabla":"users","hora":"19:56:55","usuario":"","idinstitucion":null},{"id_bitacora":488,"operacion":"cerrar sesion","tabla":"users","hora":"19:57:24","usuario":"","idinstitucion":null},{"id_bitacora":489,"operacion":"cerrar sesion","tabla":"users","hora":"19:57:30","usuario":"","idinstitucion":null},{"id_bitacora":490,"operacion":"cerrar sesion","tabla":"users","hora":"19:57:56","usuario":"","idinstitucion":null},{"id_bitacora":491,"operacion":"cerrar sesion","tabla":"users","hora":"19:58:08","usuario":"","idinstitucion":null},{"id_bitacora":492,"operacion":"cerrar sesion","tabla":"users","hora":"19:59:11","usuario":"","idinstitucion":null},{"id_bitacora":493,"operacion":"cerrar sesion","tabla":"users","hora":"20:00:18","usuario":"","idinstitucion":null},{"id_bitacora":494,"operacion":"cerrar sesion","tabla":"users","hora":"20:00:26","usuario":"","idinstitucion":null},{"id_bitacora":495,"operacion":"cerrar sesion","tabla":"users","hora":"20:00:58","usuario":"","idinstitucion":null},{"id_bitacora":496,"operacion":"cerrar sesion","tabla":"users","hora":"20:01:55","usuario":"","idinstitucion":null},{"id_bitacora":497,"operacion":"cerrar sesion","tabla":"users","hora":"20:03:03","usuario":"","idinstitucion":null},{"id_bitacora":498,"operacion":"cerrar sesion","tabla":"users","hora":"20:03:23","usuario":"","idinstitucion":null},{"id_bitacora":499,"operacion":"cerrar sesion","tabla":"users","hora":"20:03:32","usuario":"","idinstitucion":null},{"id_bitacora":500,"operacion":"cerrar sesion","tabla":"users","hora":"20:05:48","usuario":"","idinstitucion":null},{"id_bitacora":501,"operacion":"cerrar sesion","tabla":"users","hora":"20:06:32","usuario":"","idinstitucion":null},{"id_bitacora":502,"operacion":"cerrar sesion","tabla":"users","hora":"20:07:12","usuario":"","idinstitucion":null},{"id_bitacora":503,"operacion":"Inicio sesion","tabla":"users","hora":"20:07:14","usuario":null,"idinstitucion":null},{"id_bitacora":504,"operacion":"cerrar sesion","tabla":"users","hora":"20:08:08","usuario":"","idinstitucion":null},{"id_bitacora":505,"operacion":"Inicio sesion","tabla":"users","hora":"20:08:10","usuario":null,"idinstitucion":null},{"id_bitacora":506,"operacion":"cerrar sesion","tabla":"users","hora":"20:09:13","usuario":"","idinstitucion":null},{"id_bitacora":507,"operacion":"Inicio sesion","tabla":"users","hora":"20:09:15","usuario":null,"idinstitucion":null},{"id_bitacora":508,"operacion":"cerrar sesion","tabla":"users","hora":"20:09:29","usuario":"","idinstitucion":null},{"id_bitacora":509,"operacion":"Inicio sesion","tabla":"users","hora":"20:09:31","usuario":null,"idinstitucion":null},{"id_bitacora":510,"operacion":"cerrar sesion","tabla":"users","hora":"20:09:42","usuario":"","idinstitucion":null},{"id_bitacora":511,"operacion":"Inicio sesion","tabla":"users","hora":"20:09:45","usuario":"jose","idinstitucion":null},{"id_bitacora":512,"operacion":"cerrar sesion","tabla":"users","hora":"22:35:49","usuario":"","idinstitucion":null},{"id_bitacora":513,"operacion":"cerrar sesion","tabla":"users","hora":"22:36:59","usuario":"","idinstitucion":null},{"id_bitacora":514,"operacion":"Inicio sesion","tabla":"users","hora":"22:37:01","usuario":null,"idinstitucion":null},{"id_bitacora":515,"operacion":"cerrar sesion","tabla":"users","hora":"22:37:19","usuario":"","idinstitucion":null},{"id_bitacora":516,"operacion":"Inicio sesion","tabla":"users","hora":"22:37:21","usuario":"jose","idinstitucion":null},{"id_bitacora":517,"operacion":"cerrar sesion","tabla":"users","hora":"22:38:54","usuario":"","idinstitucion":null},{"id_bitacora":518,"operacion":"Inicio sesion","tabla":"users","hora":"22:38:56","usuario":null,"idinstitucion":null},{"id_bitacora":519,"operacion":"cerrar sesion","tabla":"users","hora":"22:38:58","usuario":"","idinstitucion":null},{"id_bitacora":520,"operacion":"Inicio sesion","tabla":"users","hora":"22:39:00","usuario":null,"idinstitucion":null},{"id_bitacora":521,"operacion":"cerrar sesion","tabla":"users","hora":"22:40:00","usuario":"","idinstitucion":null},{"id_bitacora":522,"operacion":"Inicio sesion","tabla":"users","hora":"22:40:02","usuario":"Ivan","idinstitucion":9},{"id_bitacora":523,"operacion":"cerrar sesion","tabla":"users","hora":"22:40:05","usuario":"Ivan","idinstitucion":9},{"id_bitacora":524,"operacion":"Inicio sesion","tabla":"users","hora":"22:40:07","usuario":null,"idinstitucion":null},{"id_bitacora":525,"operacion":"cerrar sesion","tabla":"users","hora":"22:40:46","usuario":"","idinstitucion":null},{"id_bitacora":526,"operacion":"Inicio sesion","tabla":"users","hora":"22:40:48","usuario":"Fernando","idinstitucion":4},{"id_bitacora":527,"operacion":"cerrar sesion","tabla":"users","hora":"22:40:51","usuario":"Fernando","idinstitucion":4},{"id_bitacora":528,"operacion":"cerrar sesion","tabla":"users","hora":"22:41:25","usuario":"Fernando","idinstitucion":4},{"id_bitacora":529,"operacion":"Inicio sesion","tabla":"users","hora":"22:41:27","usuario":null,"idinstitucion":null},{"id_bitacora":530,"operacion":"cerrar sesion","tabla":"users","hora":"22:41:56","usuario":"","idinstitucion":null},{"id_bitacora":531,"operacion":"Inicio sesion","tabla":"users","hora":"22:41:58","usuario":"Fernando","idinstitucion":4},{"id_bitacora":532,"operacion":"cerrar sesion","tabla":"users","hora":"22:43:09","usuario":"","idinstitucion":null},{"id_bitacora":533,"operacion":"Inicio sesion","tabla":"users","hora":"22:43:11","usuario":null,"idinstitucion":null},{"id_bitacora":534,"operacion":"cerrar sesion","tabla":"users","hora":"22:43:33","usuario":"","idinstitucion":null},{"id_bitacora":535,"operacion":"Inicio sesion","tabla":"users","hora":"22:43:35","usuario":"jose","idinstitucion":4},{"id_bitacora":536,"operacion":"cerrar sesion","tabla":"users","hora":"22:46:26","usuario":"Fernando","idinstitucion":4},{"id_bitacora":537,"operacion":"cerrar sesion","tabla":"users","hora":"22:46:30","usuario":"Fernando","idinstitucion":4},{"id_bitacora":538,"operacion":"Inicio sesion","tabla":"users","hora":"22:46:32","usuario":null,"idinstitucion":null},{"id_bitacora":539,"operacion":"cerrar sesion","tabla":"users","hora":"22:46:59","usuario":"","idinstitucion":null},{"id_bitacora":540,"operacion":"Inicio sesion","tabla":"users","hora":"22:47:01","usuario":null,"idinstitucion":null},{"id_bitacora":541,"operacion":"cerrar sesion","tabla":"users","hora":"22:47:04","usuario":"","idinstitucion":null},{"id_bitacora":542,"operacion":"Inicio sesion","tabla":"users","hora":"22:47:05","usuario":null,"idinstitucion":null},{"id_bitacora":543,"operacion":"cerrar sesion","tabla":"users","hora":"22:48:33","usuario":"","idinstitucion":null},{"id_bitacora":544,"operacion":"Inicio sesion","tabla":"users","hora":"22:48:35","usuario":"Armando","idinstitucion":9},{"id_bitacora":545,"operacion":"cerrar sesion","tabla":"users","hora":"22:49:16","usuario":"Armando","idinstitucion":9},{"id_bitacora":546,"operacion":"cerrar sesion","tabla":"users","hora":"22:49:20","usuario":"Armando","idinstitucion":9},{"id_bitacora":547,"operacion":"Inicio sesion","tabla":"users","hora":"22:49:22","usuario":null,"idinstitucion":null},{"id_bitacora":548,"operacion":"cerrar sesion","tabla":"users","hora":"22:49:34","usuario":"","idinstitucion":null},{"id_bitacora":549,"operacion":"Inicio sesion","tabla":"users","hora":"22:49:37","usuario":"Fernando","idinstitucion":4},{"id_bitacora":550,"operacion":"cerrar sesion","tabla":"users","hora":"22:52:12","usuario":"Fernando","idinstitucion":4},{"id_bitacora":551,"operacion":"cerrar sesion","tabla":"users","hora":"22:52:16","usuario":"Fernando","idinstitucion":4},{"id_bitacora":552,"operacion":"Inicio sesion","tabla":"users","hora":"22:52:18","usuario":null,"idinstitucion":null},{"id_bitacora":553,"operacion":"cerrar sesion","tabla":"users","hora":"22:52:31","usuario":"","idinstitucion":null},{"id_bitacora":554,"operacion":"Inicio sesion","tabla":"users","hora":"22:52:33","usuario":"Armando","idinstitucion":9},{"id_bitacora":555,"operacion":"cerrar sesion","tabla":"users","hora":"22:54:00","usuario":"Armando","idinstitucion":9},{"id_bitacora":556,"operacion":"cerrar sesion","tabla":"users","hora":"22:54:05","usuario":"Armando","idinstitucion":9},{"id_bitacora":557,"operacion":"Inicio sesion","tabla":"users","hora":"22:54:07","usuario":null,"idinstitucion":null},{"id_bitacora":558,"operacion":"cerrar sesion","tabla":"users","hora":"22:54:22","usuario":"","idinstitucion":null},{"id_bitacora":559,"operacion":"Inicio sesion","tabla":"users","hora":"22:54:24","usuario":"Armando","idinstitucion":9},{"id_bitacora":560,"operacion":"cerrar sesion","tabla":"users","hora":"22:57:57","usuario":"Armando","idinstitucion":9},{"id_bitacora":561,"operacion":"cerrar sesion","tabla":"users","hora":"22:58:03","usuario":"Armando","idinstitucion":9},{"id_bitacora":562,"operacion":"Inicio sesion","tabla":"users","hora":"22:58:05","usuario":null,"idinstitucion":null},{"id_bitacora":563,"operacion":"cerrar sesion","tabla":"users","hora":"22:58:20","usuario":"","idinstitucion":null},{"id_bitacora":564,"operacion":"Inicio sesion","tabla":"users","hora":"22:58:22","usuario":"Armando","idinstitucion":9},{"id_bitacora":565,"operacion":"cerrar sesion","tabla":"users","hora":"23:01:04","usuario":"","idinstitucion":null},{"id_bitacora":566,"operacion":"Inicio sesion","tabla":"users","hora":"23:01:06","usuario":null,"idinstitucion":null},{"id_bitacora":567,"operacion":"cerrar sesion","tabla":"users","hora":"23:01:25","usuario":"","idinstitucion":null},{"id_bitacora":568,"operacion":"Inicio sesion","tabla":"users","hora":"23:01:27","usuario":"Armando","idinstitucion":9},{"id_bitacora":569,"operacion":"cerrar sesion","tabla":"users","hora":"23:40:47","usuario":"","idinstitucion":null},{"id_bitacora":570,"operacion":"cerrar sesion","tabla":"users","hora":"23:40:51","usuario":"","idinstitucion":null},{"id_bitacora":571,"operacion":"Inicio sesion","tabla":"users","hora":"23:40:53","usuario":null,"idinstitucion":null},{"id_bitacora":572,"operacion":"cerrar sesion","tabla":"users","hora":"23:41:14","usuario":"","idinstitucion":null},{"id_bitacora":573,"operacion":"Inicio sesion","tabla":"users","hora":"23:41:16","usuario":"Gonzalo Ulises","idinstitucion":6},{"id_bitacora":574,"operacion":"cerrar sesion","tabla":"users","hora":"23:41:18","usuario":"Gonzalo Ulises","idinstitucion":6},{"id_bitacora":575,"operacion":"Inicio sesion","tabla":"users","hora":"23:41:20","usuario":null,"idinstitucion":null},{"id_bitacora":576,"operacion":"cerrar sesion","tabla":"users","hora":"23:41:29","usuario":"","idinstitucion":null},{"id_bitacora":577,"operacion":"Inicio sesion","tabla":"users","hora":"23:41:31","usuario":"Gonzalo Ulises","idinstitucion":6},{"id_bitacora":578,"operacion":"cerrar sesion","tabla":"users","hora":"23:41:33","usuario":"Gonzalo Ulises","idinstitucion":6},{"id_bitacora":579,"operacion":"Inicio sesion","tabla":"users","hora":"23:41:36","usuario":null,"idinstitucion":null},{"id_bitacora":580,"operacion":"cerrar sesion","tabla":"users","hora":"23:42:11","usuario":"","idinstitucion":null},{"id_bitacora":581,"operacion":"Inicio sesion","tabla":"users","hora":"23:42:13","usuario":"Gonzalo Ulises","idinstitucion":6},{"id_bitacora":582,"operacion":"cerrar sesion","tabla":"users","hora":"23:53:29","usuario":"","idinstitucion":null},{"id_bitacora":583,"operacion":"cerrar sesion","tabla":"users","hora":"23:53:33","usuario":"","idinstitucion":null},{"id_bitacora":584,"operacion":"Inicio sesion","tabla":"users","hora":"23:53:35","usuario":null,"idinstitucion":null},{"id_bitacora":585,"operacion":"cerrar sesion","tabla":"users","hora":"23:53:52","usuario":"","idinstitucion":null},{"id_bitacora":586,"operacion":"Inicio sesion","tabla":"users","hora":"23:53:54","usuario":"jose","idinstitucion":4},{"id_bitacora":587,"operacion":"cerrar sesion","tabla":"users","hora":"23:54:29","usuario":"jose","idinstitucion":4},{"id_bitacora":588,"operacion":"cerrar sesion","tabla":"users","hora":"23:54:40","usuario":"jose","idinstitucion":4},{"id_bitacora":589,"operacion":"Inicio sesion","tabla":"users","hora":"23:54:42","usuario":null,"idinstitucion":null},{"id_bitacora":590,"operacion":"cerrar sesion","tabla":"users","hora":"23:54:56","usuario":"","idinstitucion":null},{"id_bitacora":591,"operacion":"Inicio sesion","tabla":"users","hora":"23:54:59","usuario":"Gonzalo Ulises","idinstitucion":6},{"id_bitacora":592,"operacion":"cerrar sesion","tabla":"users","hora":"23:55:13","usuario":"Gonzalo Ulises","idinstitucion":6},{"id_bitacora":593,"operacion":"cerrar sesion","tabla":"users","hora":"23:55:17","usuario":"Gonzalo Ulises","idinstitucion":6},{"id_bitacora":594,"operacion":"Inicio sesion","tabla":"users","hora":"23:55:19","usuario":null,"idinstitucion":null},{"id_bitacora":595,"operacion":"cerrar sesion","tabla":"users","hora":"23:55:31","usuario":"","idinstitucion":null},{"id_bitacora":596,"operacion":"Inicio sesion","tabla":"users","hora":"23:55:33","usuario":"Fernando","idinstitucion":4},{"id_bitacora":597,"operacion":"cerrar sesion","tabla":"users","hora":"23:55:51","usuario":"Fernando","idinstitucion":4},{"id_bitacora":598,"operacion":"cerrar sesion","tabla":"users","hora":"23:55:55","usuario":"Fernando","idinstitucion":4},{"id_bitacora":599,"operacion":"Inicio sesion","tabla":"users","hora":"23:55:58","usuario":null,"idinstitucion":null},{"id_bitacora":600,"operacion":"cerrar sesion","tabla":"users","hora":"23:56:15","usuario":"","idinstitucion":null},{"id_bitacora":601,"operacion":"Inicio sesion","tabla":"users","hora":"23:56:18","usuario":"Armando","idinstitucion":9},{"id_bitacora":602,"operacion":"cerrar sesion","tabla":"users","hora":"23:56:40","usuario":"Armando","idinstitucion":9},{"id_bitacora":603,"operacion":"cerrar sesion","tabla":"users","hora":"23:56:45","usuario":"Armando","idinstitucion":9},{"id_bitacora":604,"operacion":"Inicio sesion","tabla":"users","hora":"23:56:47","usuario":null,"idinstitucion":null},{"id_bitacora":605,"operacion":"cerrar sesion","tabla":"users","hora":"23:57:03","usuario":"","idinstitucion":null},{"id_bitacora":606,"operacion":"Inicio sesion","tabla":"users","hora":"23:57:05","usuario":"Gonzalo Ulises","idinstitucion":6},{"id_bitacora":607,"operacion":"cerrar sesion","tabla":"users","hora":"23:57:40","usuario":"Gonzalo Ulises","idinstitucion":6},{"id_bitacora":608,"operacion":"cerrar sesion","tabla":"users","hora":"23:57:44","usuario":"Gonzalo Ulises","idinstitucion":6},{"id_bitacora":609,"operacion":"Inicio sesion","tabla":"users","hora":"23:57:46","usuario":null,"idinstitucion":null},{"id_bitacora":610,"operacion":"cerrar sesion","tabla":"users","hora":"23:58:02","usuario":"","idinstitucion":null},{"id_bitacora":611,"operacion":"Inicio sesion","tabla":"users","hora":"23:58:04","usuario":"jose","idinstitucion":4},{"id_bitacora":612,"operacion":"cerrar sesion","tabla":"users","hora":"23:58:20","usuario":"jose","idinstitucion":4},{"id_bitacora":613,"operacion":"cerrar sesion","tabla":"users","hora":"23:58:24","usuario":"jose","idinstitucion":4},{"id_bitacora":614,"operacion":"Inicio sesion","tabla":"users","hora":"23:58:27","usuario":null,"idinstitucion":null},{"id_bitacora":615,"operacion":"cerrar sesion","tabla":"users","hora":"23:58:45","usuario":"","idinstitucion":null},{"id_bitacora":616,"operacion":"Inicio sesion","tabla":"users","hora":"23:58:48","usuario":"Armando","idinstitucion":9},{"id_bitacora":617,"operacion":"cerrar sesion","tabla":"users","hora":"23:59:02","usuario":"Armando","idinstitucion":9},{"id_bitacora":618,"operacion":"cerrar sesion","tabla":"users","hora":"23:59:26","usuario":"Armando","idinstitucion":9},{"id_bitacora":619,"operacion":"Inicio sesion","tabla":"users","hora":"23:59:28","usuario":null,"idinstitucion":null},{"id_bitacora":620,"operacion":"cerrar sesion","tabla":"users","hora":"23:59:39","usuario":"","idinstitucion":null},{"id_bitacora":621,"operacion":"Inicio sesion","tabla":"users","hora":"23:59:41","usuario":"leo","idinstitucion":4},{"id_bitacora":622,"operacion":"cerrar sesion","tabla":"users","hora":"23:59:54","usuario":"leo","idinstitucion":4},{"id_bitacora":623,"operacion":"cerrar sesion","tabla":"users","hora":"00:03:00","usuario":"leo","idinstitucion":4},{"id_bitacora":624,"operacion":"Inicio sesion","tabla":"users","hora":"00:03:02","usuario":null,"idinstitucion":null},{"id_bitacora":625,"operacion":"cerrar sesion","tabla":"users","hora":"00:03:19","usuario":"","idinstitucion":null},{"id_bitacora":626,"operacion":"Inicio sesion","tabla":"users","hora":"00:03:21","usuario":"jose","idinstitucion":4},{"id_bitacora":627,"operacion":"cerrar sesion","tabla":"users","hora":"00:04:30","usuario":"jose","idinstitucion":4},{"id_bitacora":628,"operacion":"cerrar sesion","tabla":"users","hora":"00:04:34","usuario":"jose","idinstitucion":4},{"id_bitacora":629,"operacion":"Inicio sesion","tabla":"users","hora":"00:04:37","usuario":null,"idinstitucion":null},{"id_bitacora":630,"operacion":"cerrar sesion","tabla":"users","hora":"00:04:57","usuario":"","idinstitucion":null},{"id_bitacora":631,"operacion":"Inicio sesion","tabla":"users","hora":"00:05:00","usuario":"Gonzalo Ulises","idinstitucion":6},{"id_bitacora":632,"operacion":"cerrar sesion","tabla":"users","hora":"00:05:20","usuario":"Gonzalo Ulises","idinstitucion":6},{"id_bitacora":633,"operacion":"cerrar sesion","tabla":"users","hora":"00:06:55","usuario":"Gonzalo Ulises","idinstitucion":6},{"id_bitacora":634,"operacion":"Inicio sesion","tabla":"users","hora":"00:06:58","usuario":null,"idinstitucion":null},{"id_bitacora":635,"operacion":"cerrar sesion","tabla":"users","hora":"00:07:14","usuario":"","idinstitucion":null},{"id_bitacora":636,"operacion":"Inicio sesion","tabla":"users","hora":"00:07:17","usuario":"jose","idinstitucion":4},{"id_bitacora":637,"operacion":"cerrar sesion","tabla":"users","hora":"00:07:35","usuario":"jose","idinstitucion":4},{"id_bitacora":638,"operacion":"cerrar sesion","tabla":"users","hora":"00:08:40","usuario":"jose","idinstitucion":4},{"id_bitacora":639,"operacion":"Inicio sesion","tabla":"users","hora":"00:08:42","usuario":null,"idinstitucion":null},{"id_bitacora":640,"operacion":"cerrar sesion","tabla":"users","hora":"00:09:01","usuario":"","idinstitucion":null},{"id_bitacora":641,"operacion":"Inicio sesion","tabla":"users","hora":"00:09:03","usuario":"Gonzalo Ulises","idinstitucion":6},{"id_bitacora":642,"operacion":"cerrar sesion","tabla":"users","hora":"00:09:18","usuario":"Gonzalo Ulises","idinstitucion":6},{"id_bitacora":643,"operacion":"cerrar sesion","tabla":"users","hora":"00:09:22","usuario":"Gonzalo Ulises","idinstitucion":6},{"id_bitacora":644,"operacion":"Inicio sesion","tabla":"users","hora":"00:09:25","usuario":null,"idinstitucion":null},{"id_bitacora":645,"operacion":"cerrar sesion","tabla":"users","hora":"00:09:41","usuario":"","idinstitucion":null},{"id_bitacora":646,"operacion":"Inicio sesion","tabla":"users","hora":"00:09:43","usuario":"jose","idinstitucion":4},{"id_bitacora":647,"operacion":"cerrar sesion","tabla":"users","hora":"00:09:52","usuario":"jose","idinstitucion":4},{"id_bitacora":648,"operacion":"cerrar sesion","tabla":"users","hora":"00:11:26","usuario":"jose","idinstitucion":4},{"id_bitacora":649,"operacion":"Inicio sesion","tabla":"users","hora":"00:11:29","usuario":null,"idinstitucion":null},{"id_bitacora":650,"operacion":"cerrar sesion","tabla":"users","hora":"05:05:37","usuario":"","idinstitucion":null},{"id_bitacora":651,"operacion":"Inicio sesion","tabla":"users","hora":"05:05:46","usuario":null,"idinstitucion":null},{"id_bitacora":652,"operacion":"cerrar sesion","tabla":"users","hora":"05:06:02","usuario":"","idinstitucion":null},{"id_bitacora":653,"operacion":"Inicio sesion","tabla":"users","hora":"05:06:11","usuario":"Isaias","idinstitucion":13},{"id_bitacora":654,"operacion":"cerrar sesion","tabla":"users","hora":"05:06:32","usuario":"Isaias","idinstitucion":13},{"id_bitacora":655,"operacion":"cerrar sesion","tabla":"users","hora":"05:06:47","usuario":"Isaias","idinstitucion":13},{"id_bitacora":656,"operacion":"Inicio sesion","tabla":"users","hora":"05:06:55","usuario":null,"idinstitucion":null},{"id_bitacora":657,"operacion":"cerrar sesion","tabla":"users","hora":"05:07:17","usuario":"","idinstitucion":null},{"id_bitacora":658,"operacion":"Inicio sesion","tabla":"users","hora":"05:07:26","usuario":"Richard","idinstitucion":7},{"id_bitacora":659,"operacion":"cerrar sesion","tabla":"users","hora":"05:07:52","usuario":"Richard","idinstitucion":7},{"id_bitacora":660,"operacion":"cerrar sesion","tabla":"users","hora":"05:08:07","usuario":"Richard","idinstitucion":7},{"id_bitacora":661,"operacion":"Inicio sesion","tabla":"users","hora":"05:08:16","usuario":null,"idinstitucion":null},{"id_bitacora":662,"operacion":"cerrar sesion","tabla":"users","hora":"05:08:33","usuario":"","idinstitucion":null},{"id_bitacora":663,"operacion":"Inicio sesion","tabla":"users","hora":"05:08:57","usuario":"jose","idinstitucion":null},{"id_bitacora":664,"operacion":"cerrar sesion","tabla":"users","hora":"05:09:09","usuario":"jose","idinstitucion":null},{"id_bitacora":665,"operacion":"Inicio sesion","tabla":"users","hora":"05:09:18","usuario":null,"idinstitucion":null},{"id_bitacora":666,"operacion":"cerrar sesion","tabla":"users","hora":"05:16:14","usuario":"","idinstitucion":null},{"id_bitacora":667,"operacion":"Inicio sesion","tabla":"users","hora":"05:16:23","usuario":"Isaias","idinstitucion":13},{"id_bitacora":668,"operacion":"cerrar sesion","tabla":"users","hora":"06:22:14","usuario":"","idinstitucion":null},{"id_bitacora":669,"operacion":"Inicio sesion","tabla":"users","hora":"06:22:24","usuario":null,"idinstitucion":null},{"id_bitacora":670,"operacion":"cerrar sesion","tabla":"users","hora":"06:22:55","usuario":"","idinstitucion":null},{"id_bitacora":671,"operacion":"Inicio sesion","tabla":"users","hora":"06:23:05","usuario":"Isaias","idinstitucion":13},{"id_bitacora":672,"operacion":"cerrar sesion","tabla":"users","hora":"06:45:49","usuario":"","idinstitucion":null},{"id_bitacora":673,"operacion":"Inicio sesion","tabla":"users","hora":"06:45:59","usuario":null,"idinstitucion":null},{"id_bitacora":674,"operacion":"cerrar sesion","tabla":"users","hora":"06:55:40","usuario":"","idinstitucion":null},{"id_bitacora":675,"operacion":"Inicio sesion","tabla":"users","hora":"06:55:50","usuario":"Leonardo","idinstitucion":13},{"id_bitacora":676,"operacion":"cerrar sesion","tabla":"users","hora":"07:00:23","usuario":"Leonardo","idinstitucion":13},{"id_bitacora":677,"operacion":"cerrar sesion","tabla":"users","hora":"07:00:37","usuario":"Leonardo","idinstitucion":13},{"id_bitacora":678,"operacion":"Inicio sesion","tabla":"users","hora":"07:00:47","usuario":null,"idinstitucion":null},{"id_bitacora":679,"operacion":"cerrar sesion","tabla":"users","hora":"07:01:14","usuario":"","idinstitucion":null},{"id_bitacora":680,"operacion":"Inicio sesion","tabla":"users","hora":"07:01:23","usuario":"leo","idinstitucion":4},{"id_bitacora":681,"operacion":"cerrar sesion","tabla":"users","hora":"07:01:33","usuario":"leo","idinstitucion":4},{"id_bitacora":682,"operacion":"Inicio sesion","tabla":"users","hora":"07:01:42","usuario":null,"idinstitucion":null},{"id_bitacora":683,"operacion":"cerrar sesion","tabla":"users","hora":"07:02:32","usuario":"","idinstitucion":null},{"id_bitacora":684,"operacion":"Inicio sesion","tabla":"users","hora":"07:02:42","usuario":"Leonardo","idinstitucion":13},{"id_bitacora":685,"operacion":"cerrar sesion","tabla":"users","hora":"07:08:17","usuario":"Leonardo","idinstitucion":13},{"id_bitacora":686,"operacion":"cerrar sesion","tabla":"users","hora":"07:08:31","usuario":"Leonardo","idinstitucion":13},{"id_bitacora":687,"operacion":"Inicio sesion","tabla":"users","hora":"07:08:41","usuario":null,"idinstitucion":null},{"id_bitacora":688,"operacion":"cerrar sesion","tabla":"users","hora":"07:08:59","usuario":"","idinstitucion":null},{"id_bitacora":689,"operacion":"Inicio sesion","tabla":"users","hora":"07:09:10","usuario":"Leonardo","idinstitucion":13},{"id_bitacora":690,"operacion":"cerrar sesion","tabla":"users","hora":"07:10:14","usuario":"Leonardo","idinstitucion":13},{"id_bitacora":691,"operacion":"cerrar sesion","tabla":"users","hora":"07:10:28","usuario":"Leonardo","idinstitucion":13},{"id_bitacora":692,"operacion":"Inicio sesion","tabla":"users","hora":"07:10:38","usuario":null,"idinstitucion":null},{"id_bitacora":693,"operacion":"cerrar sesion","tabla":"users","hora":"07:10:59","usuario":"","idinstitucion":null},{"id_bitacora":694,"operacion":"Inicio sesion","tabla":"users","hora":"07:11:09","usuario":"Leonardo","idinstitucion":13},{"id_bitacora":695,"operacion":"cerrar sesion","tabla":"users","hora":"07:29:05","usuario":"","idinstitucion":null},{"id_bitacora":696,"operacion":"Inicio sesion","tabla":"users","hora":"07:29:15","usuario":null,"idinstitucion":null},{"id_bitacora":697,"operacion":"cerrar sesion","tabla":"users","hora":"07:30:06","usuario":"","idinstitucion":null},{"id_bitacora":698,"operacion":"Inicio sesion","tabla":"users","hora":"07:30:17","usuario":"Leonardo","idinstitucion":13},{"id_bitacora":699,"operacion":"cerrar sesion","tabla":"users","hora":"08:28:47","usuario":"Isaias","idinstitucion":13},{"id_bitacora":700,"operacion":"cerrar sesion","tabla":"users","hora":"08:29:01","usuario":"Isaias","idinstitucion":13},{"id_bitacora":701,"operacion":"Inicio sesion","tabla":"users","hora":"08:29:11","usuario":null,"idinstitucion":null},{"id_bitacora":702,"operacion":"cerrar sesion","tabla":"users","hora":"08:29:34","usuario":"","idinstitucion":null},{"id_bitacora":703,"operacion":"Inicio sesion","tabla":"users","hora":"08:29:44","usuario":"Isaias","idinstitucion":13},{"id_bitacora":704,"operacion":"cerrar sesion","tabla":"users","hora":"08:29:56","usuario":"Isaias","idinstitucion":13},{"id_bitacora":705,"operacion":"Inicio sesion","tabla":"users","hora":"08:30:05","usuario":null,"idinstitucion":null},{"id_bitacora":706,"operacion":"cerrar sesion","tabla":"users","hora":"08:30:20","usuario":"","idinstitucion":null},{"id_bitacora":707,"operacion":"Inicio sesion","tabla":"users","hora":"08:30:31","usuario":"Isaias","idinstitucion":13},{"id_bitacora":708,"operacion":"cerrar sesion","tabla":"users","hora":"09:19:19","usuario":"Isaias","idinstitucion":13},{"id_bitacora":709,"operacion":"cerrar sesion","tabla":"users","hora":"09:19:32","usuario":"Isaias","idinstitucion":13},{"id_bitacora":710,"operacion":"Inicio sesion","tabla":"users","hora":"09:19:43","usuario":null,"idinstitucion":null},{"id_bitacora":711,"operacion":"cerrar sesion","tabla":"users","hora":"09:20:19","usuario":"","idinstitucion":null},{"id_bitacora":712,"operacion":"Inicio sesion","tabla":"users","hora":"09:20:30","usuario":"Isaias","idinstitucion":13},{"id_bitacora":713,"operacion":"cerrar sesion","tabla":"users","hora":"10:04:05","usuario":"Leonardo","idinstitucion":13},{"id_bitacora":714,"operacion":"cerrar sesion","tabla":"users","hora":"10:04:20","usuario":"Leonardo","idinstitucion":13},{"id_bitacora":715,"operacion":"Inicio sesion","tabla":"users","hora":"10:04:30","usuario":null,"idinstitucion":null},{"id_bitacora":716,"operacion":"cerrar sesion","tabla":"users","hora":"10:06:53","usuario":"","idinstitucion":null},{"id_bitacora":717,"operacion":"Inicio sesion","tabla":"users","hora":"10:07:04","usuario":"Leonardo","idinstitucion":13},{"id_bitacora":718,"operacion":"cerrar sesion","tabla":"users","hora":"13:08:06","usuario":"Isaias","idinstitucion":13},{"id_bitacora":719,"operacion":"Inicio sesion","tabla":"users","hora":"13:08:17","usuario":null,"idinstitucion":null},{"id_bitacora":720,"operacion":"cerrar sesion","tabla":"users","hora":"13:16:25","usuario":"","idinstitucion":null},{"id_bitacora":721,"operacion":"Inicio sesion","tabla":"users","hora":"13:16:36","usuario":"Isaias","idinstitucion":13},{"id_bitacora":722,"operacion":"cerrar sesion","tabla":"users","hora":"13:16:48","usuario":"","idinstitucion":null},{"id_bitacora":723,"operacion":"Inicio sesion","tabla":"users","hora":"13:16:58","usuario":null,"idinstitucion":null},{"id_bitacora":724,"operacion":"cerrar sesion","tabla":"users","hora":"13:19:32","usuario":"","idinstitucion":null},{"operacion":"Inicio sesion","tabla":"users","hora":"13:19:44","usuario":null,"idinstitucion":null,"id_bitacora":725}]
